pdb,resA,resB,resB_1,resB_2,resB_3,resB_4,resB_5,resB_6,resB_7,resB_8,resB_9,resA_type,resB_type
1K6D,HIS,HIS,THR,GLN,ASP,LEU,ILE,PRO,TYR,VAL,ARG,C,C
1KAM,GLU,GLY,PRO,SER,GLU,PHE,LEU,TYR,THR,GLU,ARG,C,H
2GED,PHE,VAL,ILE,SER,LEU,VAL,ASP,GLU,PHE,ILE,GLU,H,H
3HL6,GLU,LYS,LEU,LEU,ALA,ARG,GLU,GLU,LEU,ASP,ASP,C,C
3QQ8,GLY,THR,GLU,ARG,PHE,THR,ARG,GLN,PHE,SER,LEU,H,P
2C9J,LYS,TYR,GLY,ALA,TYR,GLU,TYR,TYR,PRO,HIS,SER,C,H
3IQ2,SER,ARG,PHE,GLN,ASP,GLU,TYR,THR,ILE,TYR,HIS,P,C
3SM1,HIS,TRP,ARG,GLY,GLN,ALA,VAL,GLY,LYS,TYR,SER,C,H
1YYV,THR,THR,LEU,VAL,SER,LEU,VAL,VAL,LYS,ILE,ALA,P,P
3T1Q,LEU,PRO,ALA,THR,LYS,GLY,GLY,THR,LEU,PHE,VAL,H,P
3NJA,ARG,ARG,HIS,PRO,ASP,ILE,GLY,ARG,PHE,VAL,ARG,C,C
2XIU,LEU,LEU,GLU,PHE,ALA,LEU,ALA,LEU,PRO,ASP,CYS,H,H
1LZW,THR,PHE,GLN,THR,GLU,GLN,LEU,THR,THR,ALA,SER,P,H
1M1F,ARG,GLY,ILE,VAL,GLY,PRO,LEU,GLU,ASP,ARG,VAL,C,H
3UZE,GLU,VAL,PHE,LYS,LEU,GLU,LEU,THR,TYR,LYS,VAL,C,H
2Z3F,PRO,ARG,TYR,PHE,VAL,ASN,TYR,ILE,PRO,ALA,SER,P,C
2GMY,VAL,ASN,ILE,LEU,LEU,GLU,VAL,GLN,SER,VAL,VAL,H,P
2O3A,ALA,GLU,PRO,LYS,PRO,LEU,GLU,VAL,TRP,TYR,LEU,H,C
3EW2,PHE,SER,PHE,VAL,GLY,THR,GLY,ALA,ALA,GLY,TRP,H,P
2PRO,GLN,SER,GLY,ILE,TRP,ALA,PRO,PHE,LEU,ALA,ILE,P,P
2QKP,LEU,ILE,LEU,LEU,LEU,TYR,LEU,ASN,TYR,GLU,THR,H,H
1ICF,ASP,SER,CYS,GLU,CYS,PRO,VAL,ASN,VAL,SER,PHE,C,P
1Q9U,GLU,ASP,ALA,GLU,ARG,ILE,ARG,LYS,GLU,ALA,ILE,C,C
1R7H,ARG,TYR,ALA,THR,ASN,ASP,LYS,ILE,LEU,LEU,LEU,C,H
1SS4,GLY,ARG,GLU,GLY,ALA,ASN,LEU,LEU,ILE,ASP,ILE,H,C
3RGU,LEU,ALA,LEU,LEU,ASP,ASN,ARG,GLN,ILE,MET,MET,H,H
4ML7,HIS,ASN,TYR,LEU,ASP,ILE,ASN,VAL,ASP,ILE,LEU,C,P
2ZET,ALA,TYR,VAL,TYR,LEU,TRP,ARG,PHE,HIS,GLY,PHE,H,H
1VR9,VAL,ARG,GLU,ASP,HIS,PHE,PRO,VAL,PHE,MET,VAL,H,C
3OXU,ILE,GLN,TYR,GLY,ASN,ASN,CYS,ASP,GLN,PRO,LEU,H,P
1SWJ,TRP,THR,VAL,TRP,THR,THR,ALA,ALA,GLY,LEU,GLY,H,P
2Y21,LYS,GLU,LYS,ASN,ALA,ARG,LEU,GLY,GLU,LYS,VAL,C,C
2EVV,LYS,ASN,ASN,SER,ARG,VAL,LEU,SER,ILE,ASN,ASN,C,P
4I6L,SER,GLU,ILE,GLY,LYS,ILE,LYS,THR,ASP,LEU,LEU,P,C
1MW5,VAL,VAL,LEU,PRO,VAL,ARG,TYR,LEU,LEU,MET,VAL,H,H
1T62,ALA,GLN,PRO,LEU,ALA,TYR,MET,GLN,ASP,LYS,GLU,H,P
3UZ0,ILE,TYR,THR,LEU,LYS,ALA,LEU,GLU,PHE,ALA,ASP,H,H
2RU4,PRO,GLU,LEU,GLN,GLU,LEU,GLN,GLN,SER,GLN,LEU,P,C
4C4K,ALA,THR,LEU,VAL,THR,ILE,ALA,VAL,ILE,ILE,THR,H,P
2IWP,CYS,GLU,VAL,MET,SER,GLU,THR,THR,ASN,ILE,LYS,P,C
2X3Y,LYS,ARG,GLU,THR,TYR,LEU,ASN,ILE,THR,SER,LYS,C,C
3N84,PHE,PHE,GLY,TRP,LEU,HIS,PHE,GLU,PRO,PHE,PRO,H,H
3HZ4,GLN,PRO,TRP,ALA,ALA,ILE,THR,GLU,ASP,ASN,THR,P,P
1Q40,LYS,LYS,GLU,GLN,GLN,VAL,GLN,TYR,SER,SER,GLY,C,C
1Z92,THR,HIS,PRO,TYR,CYS,ALA,VAL,GLY,ILE,THR,GLY,P,C
2GJ3,LEU,GLY,LEU,ALA,LYS,ASN,GLU,GLU,THR,PRO,ILE,H,H
1F3U,ALA,LEU,LYS,ARG,GLN,SER,ASP,PRO,LYS,GLU,ASN,H,H
1RTY,GLY,GLY,GLY,SER,PRO,HIS,VAL,ASN,LEU,SER,ILE,H,H
1TQ9,ASN,LYS,PRO,GLY,SER,GLY,VAL,CYS,CYS,TYR,LYS,P,C
1ZPS,VAL,ALA,VAL,ASP,ILE,ASP,VAL,VAL,HIS,ASP,VAL,H,H
2P47,LEU,GLN,GLY,TYR,ARG,THR,ALA,PRO,GLU,ALA,LYS,H,P
3ERW,ALA,PRO,GLY,PRO,ILE,THR,PRO,CYS,ILE,PRO,THR,H,P
4CMM,PRO,GLU,GLY,GLU,THR,GLU,THR,GLU,LEU,LYS,ARG,P,C
2LZ6,VAL,TRP,GLU,PRO,VAL,GLY,ASP,ALA,THR,TYR,GLU,H,H
5FV2,MET,TYR,ASN,PHE,TYR,MET,SER,VAL,GLN,CYS,CYS,H,H
3HCS,ASP,GLN,THR,GLY,ASP,ARG,PHE,PRO,CYS,HIS,ALA,C,P
2F6L,TYR,PHE,ILE,TRP,LYS,TYR,SER,PRO,GLN,ALA,SER,H,H
3FF8,ILE,SER,GLN,ASN,LEU,ILE,SER,THR,ALA,SER,ASN,H,P
3T30,THR,ILE,LEU,ALA,MET,THR,VAL,VAL,ILE,LEU,VAL,P,H
2Z3G,GLY,GLN,TYR,LEU,LEU,ASP,GLY,VAL,GLY,VAL,ARG,H,P
3NCT,ASN,ASP,SER,GLU,GLY,GLU,ARG,ALA,ARG,TYR,ILE,P,C
3N2L,LEU,GLN,ILE,ALA,GLN,ARG,GLU,ARG,GLU,ASP,VAL,H,P
4OYD,TRP,ALA,ALA,VAL,LYS,GLU,LEU,GLU,LYS,ILE,SER,H,H
1OS2,GLY,LEU,TYR,THR,THR,GLY,ALA,GLY,GLU,HIS,THR,H,H
3D1M,GLU,ILE,ASP,THR,MET,VAL,CYS,SER,THR,GLU,ARG,C,H
3NS6,LYS,SER,ALA,GLY,VAL,ILE,PRO,PRO,PHE,THR,LYS,C,P
5JSN,TYR,LEU,ASP,ARG,LEU,ALA,THR,LEU,GLN,MET,GLU,H,H
1UE7,ARG,ALA,THR,LEU,VAL,PRO,LYS,ALA,SER,ASN,GLY,C,H
2F22,PHE,ILE,ALA,LEU,VAL,ARG,ARG,LYS,SER,LEU,GLU,H,H
3R4O,VAL,VAL,PRO,GLU,LYS,GLU,LYS,LEU,LEU,PHE,ILE,H,H
3MTS,GLU,LEU,LYS,ASN,CYS,LEU,VAL,GLN,ARG,VAL,GLY,C,H
2FCO,LYS,ARG,TYR,GLU,GLN,GLY,ILE,TYR,PRO,GLU,ALA,C,C
3FBZ,MET,LYS,VAL,THR,ASN,LYS,ALA,VAL,TYR,THR,TYR,H,C
2EV5,LYS,LYS,SER,LYS,ILE,ARG,LYS,LYS,THR,LEU,TYR,C,C
3EVY,ARG,SER,TYR,PRO,ALA,GLU,LEU,PHE,PHE,ARG,LEU,C,P
2I2R,GLU,LYS,ASP,ASN,ASN,ALA,ASN,PHE,ILE,ASP,THR,C,C
5SZK,ARG,PHE,GLN,TRP,ASP,ILE,LYS,VAL,TYR,LYS,LYS,C,H
2FJC,TYR,ILE,VAL,MET,GLY,HIS,ASN,TYR,GLU,TYR,GLU,H,H
2G2U,PRO,HIS,PHE,TYR,THR,TYR,GLU,ARG,SER,SER,GLU,P,C
3O91,ILE,HIS,SER,ILE,LEU,TYR,ILE,ASP,VAL,ASP,HIS,H,C
2DDZ,SER,LEU,SER,VAL,LEU,LEU,GLU,LEU,LYS,SER,ALA,P,H
3DNN,SER,LYS,GLN,MET,GLY,VAL,TRP,ALA,LYS,ARG,MET,P,C
3DDT,ASN,GLU,MET,ASP,SER,HIS,ASN,LYS,MET,CYS,GLU,P,C
3FKF,LEU,LEU,GLY,SER,ALA,LEU,ILE,TRP,SER,LEU,ILE,H,H
3D0T,LYS,GLU,GLY,HIS,LYS,GLU,SER,SER,LEU,ARG,ALA,C,C
2VPV,ALA,ARG,ASN,GLU,ALA,GLY,LEU,SER,ILE,LYS,ILE,H,C
2DB7,CYS,CYS,PHE,LEU,VAL,GLY,GLU,LEU,GLU,ALA,ALA,P,P
2WLB,ARG,GLN,GLU,CYS,LEU,VAL,VAL,GLY,ARG,GLU,SER,C,P
1OP9,ALA,CYS,CYS,ALA,LEU,ARG,LYS,VAL,ALA,ASP,ILE,H,P
1SR4,SER,VAL,ASP,PHE,HIS,ASP,LEU,ALA,THR,TYR,PHE,P,H
3GUY,ALA,ALA,GLY,VAL,ILE,ALA,VAL,LEU,MET,HIS,ILE,H,H
2CWO,ILE,LEU,ALA,LEU,GLU,TYR,ILE,LEU,THR,SER,LYS,H,H
2UYZ,GLN,HIS,GLU,PHE,LYS,ILE,GLU,LYS,ARG,LYS,SER,P,C
1F5M,SER,PHE,SER,GLY,PRO,GLY,LEU,GLN,VAL,ALA,TRP,P,H
2DM9,ALA,LYS,ILE,LYS,LEU,GLU,ASN,GLU,LEU,ASN,VAL,H,C
1J2W,ARG,ARG,LEU,GLY,VAL,ALA,PHE,PRO,ASP,ALA,ALA,C,C
2YC1,ALA,GLU,CYS,ALA,LEU,LYS,PHE,CYS,TYR,TYR,ALA,H,C
3S1J,TYR,ALA,PHE,LEU,ASN,TYR,LYS,LEU,ILE,SER,CYS,H,H
2CWO,LEU,ILE,LEU,LEU,LEU,GLN,LEU,GLY,ALA,SER,VAL,H,H
3EHF,SER,LEU,LEU,ILE,SER,GLY,SER,GLY,ALA,VAL,VAL,P,H
1NHW,ASP,ARG,ALA,PRO,LYS,GLU,GLN,LEU,ASP,TYR,ASN,C,C
1P3H,PRO,ALA,VAL,LEU,ILE,VAL,VAL,SER,ASP,VAL,THR,P,H
3TMK,ASP,SER,THR,GLU,GLY,ARG,ILE,ASN,ARG,LEU,GLU,C,P
3DOE,GLU,ALA,PHE,THR,ASP,MET,GLU,TYR,LEU,LYS,MET,C,H
2P44,CYS,THR,GLY,TYR,ARG,ARG,GLY,TYR,GLY,ASP,PHE,P,P
1SQE,LEU,MET,LEU,GLU,TYR,ILE,ILE,LYS,ALA,PHE,ASP,H,H
1SB2,ILE,TYR,LEU,ILE,GLU,LEU,PRO,VAL,LYS,ARG,ASN,H,H
1YJ7,GLU,LYS,GLN,MET,SER,MET,VAL,GLU,ASN,GLU,THR,C,C
3HF5,LEU,ILE,ARG,LEU,VAL,GLY,LEU,GLU,ILE,GLU,LEU,H,H
2EFD,ALA,ASP,ALA,LEU,ILE,SER,VAL,THR,LYS,ALA,ALA,H,C
5J56,SER,GLY,GLY,SER,LEU,TRP,SER,SER,ARG,TYR,PHE,P,H
2PRU,ALA,ALA,LEU,LEU,ALA,LYS,GLU,MET,MET,VAL,VAL,H,H
3IB6,ILE,ILE,ALA,LEU,PRO,LEU,VAL,VAL,PHE,GLU,ILE,H,H
3SO5,TYR,PHE,GLY,LEU,GLU,PHE,VAL,ASP,GLY,ALA,SER,H,H
1CJ1,PHE,TYR,LEU,ARG,PHE,SER,GLY,VAL,LEU,ASN,ILE,H,H
7CEI,ILE,ASN,ASP,SER,ASN,ARG,ARG,LYS,ASN,PHE,THR,H,P
2VKO,LEU,PHE,ILE,GLU,SER,LYS,LEU,GLU,TYR,PHE,LEU,H,H
1QS4,GLY,SER,MET,VAL,LYS,GLY,GLU,GLU,GLY,ASN,HIS,H,P
2C5J,GLU,GLU,MET,ASP,ASP,VAL,ASN,LYS,GLU,ARG,ILE,C,C
4UI1,THR,ILE,GLU,ASP,GLN,MET,CYS,ASN,HIS,ARG,HIS,P,H
2I1A,THR,VAL,LEU,THR,ASP,VAL,PHE,MET,GLY,LEU,LEU,P,H
2EJN,THR,MET,ASP,VAL,PHE,GLY,TYR,TYR,VAL,VAL,PHE,P,H
1IJX,ILE,ILE,ILE,VAL,THR,ILE,CYS,PHE,ASP,ARG,CYS,H,H
3HZ4,HIS,ARG,TYR,GLU,ILE,GLU,CYS,ASN,PRO,GLU,LYS,C,C
3GMJ,ASN,PRO,SER,GLN,ASN,THR,LEU,ASN,PHE,ASN,SER,P,P
1U8S,LEU,LEU,ALA,THR,LEU,THR,VAL,ALA,MET,PHE,PHE,H,H
1CBW,ALA,GLY,CYS,GLY,MET,ALA,THR,GLY,ARG,ARG,PRO,H,H
1U5W,ILE,PRO,GLU,TRP,ALA,LEU,ARG,ARG,LEU,ALA,GLN,H,P
2YJE,LEU,ARG,GLU,SER,PRO,HIS,PRO,LEU,ARG,ARG,PRO,H,C
2VPV,ALA,THR,ALA,THR,GLN,VAL,PHE,VAL,SER,ARG,LYS,H,P
2XED,ARG,CYS,GLY,ILE,PRO,GLU,THR,PRO,VAL,VAL,THR,C,P
3K2M,TYR,MET,GLU,TYR,GLY,TRP,TYR,TYR,PHE,ASP,ALA,H,H
1VEU,ASP,ALA,ALA,GLN,MET,GLY,LYS,LYS,LEU,MET,GLN,C,H
2J0T,ASN,CYS,THR,CYS,VAL,CYS,PRO,THR,THR,CYS,SER,P,P
3KLQ,ILE,VAL,GLY,TYR,THR,THR,TYR,TYR,GLN,LEU,THR,H,H
3BPD,VAL,ALA,GLY,VAL,VAL,GLY,VAL,LEU,LEU,ILE,ILE,H,H
2A9K,GLU,LYS,ASP,LYS,ALA,PHE,ASN,LEU,HIS,ILE,ARG,C,C
2VLP,TYR,ASN,THR,ASN,LEU,PHE,SER,TYR,PRO,SER,LEU,H,P
2OOJ,ASN,GLY,VAL,TYR,GLU,LEU,PRO,THR,GLU,VAL,CYS,P,H
3L7T,VAL,LEU,VAL,LEU,ALA,HIS,PHE,LEU,LEU,ILE,LEU,H,H
3B83,ASN,PHE,GLN,ASN,PRO,ILE,VAL,PRO,PRO,GLN,TRP,P,H
2P5X,ILE,PHE,LEU,VAL,ILE,VAL,ASP,ILE,GLY,VAL,VAL,H,H
3O2X,ASN,PHE,GLY,SER,ASN,HIS,ASP,ILE,VAL,HIS,TYR,P,H
2DB4,VAL,LYS,PRO,GLU,GLN,GLN,ALA,LEU,ALA,PRO,ALA,H,C
1Y0G,VAL,VAL,PHE,PHE,ILE,LEU,ILE,LEU,LEU,LEU,LEU,H,H
3N4I,GLN,THR,LYS,ASP,VAL,ALA,THR,VAL,LEU,GLY,LEU,P,P
1P3H,LEU,VAL,ASP,LEU,ALA,ALA,ASP,VAL,VAL,VAL,PRO,H,H
2QSQ,ILE,GLN,GLN,THR,GLY,TYR,ALA,VAL,ILE,THR,PRO,H,P
2A7K,ASN,ASN,SER,GLU,ARG,ASP,VAL,GLU,SER,GLU,ILE,P,P
3KY8,ILE,LEU,LEU,ARG,PRO,ASP,THR,GLY,ILE,THR,ILE,H,H
3GBN,SER,TYR,SER,VAL,THR,GLU,THR,SER,LEU,CYS,SER,P,H
1R1U,LEU,PHE,LEU,VAL,MET,ILE,THR,ALA,LEU,GLY,LYS,H,H
3UX9,ARG,ASP,PHE,HIS,ASP,TYR,ASN,ARG,GLY,ASP,ILE,C,C
2ABZ,TYR,VAL,TYR,TYR,LEU,ILE,VAL,TRP,PRO,ALA,HIS,H,H
3G3Z,GLN,HIS,ARG,THR,GLU,LYS,GLU,LYS,GLY,LEU,SER,P,C
3UYO,LEU,TRP,SER,TRP,ASP,VAL,ASN,PHE,TYR,SER,TYR,H,H
3UZV,ILE,PHE,TRP,GLU,ASN,TYR,ARG,ASN,ARG,GLY,SER,H,H
3LVY,ASN,LYS,ALA,LEU,ASN,TYR,GLN,PHE,TYR,GLY,ILE,P,C
2WJ0,ARG,PHE,PHE,GLY,ALA,ARG,THR,LYS,ASN,ALA,GLU,C,H
2VRN,ASP,HIS,TRP,ASP,THR,CYS,GLY,SER,TRP,GLU,GLY,C,C
1XX7,THR,PRO,GLY,MET,ALA,SER,LEU,ILE,ASP,LEU,GLN,P,P
3M8J,LEU,LEU,VAL,LEU,TYR,TYR,ARG,ALA,ILE,ALA,PRO,H,H
2VRN,TRP,TRP,LEU,SER,GLU,ASP,THR,ARG,HIS,PRO,VAL,H,H
3Q9U,TRP,ALA,ARG,ILE,ASP,SER,ASP,GLY,ASN,ALA,LEU,H,H
3GBN,LEU,TYR,SER,VAL,THR,GLU,THR,SER,LEU,CYS,SER,H,H
1QG7,ILE,LEU,HIS,TYR,ILE,LEU,LYS,VAL,ILE,LEU,ILE,H,H
3BS5,ILE,GLY,HIS,GLU,ILE,LEU,ARG,GLN,CYS,SER,GLU,H,H
4I0C,ASP,PHE,ALA,SER,VAL,TYR,SER,LYS,GLY,ALA,LEU,C,H
3CYQ,ILE,LEU,ILE,ALA,THR,SER,HIS,PHE,ASP,LEU,VAL,H,H
1NP8,PRO,ILE,LEU,ARG,MET,ILE,HIS,MET,ARG,TYR,ALA,P,H
2IDR,ASN,PRO,LEU,THR,ALA,SER,HIS,GLU,VAL,GLU,ILE,P,P
3C4O,PRO,HIS,TYR,PHE,TYR,THR,MET,SER,SER,GLU,ARG,P,C
1F15,ASP,ALA,PHE,ASP,ALA,GLY,SER,TRP,VAL,SER,ALA,C,H
2DD4,THR,ASP,ASN,SER,ALA,VAL,VAL,TYR,THR,CYS,GLN,P,C
4JW2,ALA,TRP,PHE,ARG,GLN,SER,GLY,TRP,ASP,ASP,ALA,H,H
3OJ2,LYS,GLU,LYS,ASN,THR,GLU,MET,THR,PRO,ARG,LYS,C,C
4FQ0,LEU,GLU,GLU,ASP,MET,PRO,ALA,PHE,PRO,LYS,ILE,H,C
2AW2,HIS,LYS,CYS,ARG,SER,GLN,THR,PRO,LEU,LEU,VAL,C,C
1LYW,SER,GLY,SER,TYR,LYS,ALA,LEU,SER,GLU,PHE,SER,P,H
1R5X,ASP,LEU,GLY,THR,ASP,SER,LEU,GLU,LYS,GLU,ALA,C,H
2VJF,ILE,HIS,GLY,LYS,THR,GLN,GLU,ARG,ILE,GLY,CYS,H,C
1KXJ,GLY,SER,ILE,VAL,GLU,LEU,GLY,ILE,GLY,MET,ARG,H,P
3ONA,PRO,ILE,THR,PRO,THR,LEU,PHE,SER,LYS,TRP,LEU,P,H
3D0T,LEU,PHE,LEU,ASP,ILE,SER,VAL,LEU,VAL,LYS,ILE,H,H
3B48,VAL,LEU,ASP,VAL,PRO,ILE,ALA,SER,LEU,GLU,ALA,H,H
1HKQ,SER,PHE,SER,VAL,HIS,GLY,PRO,LEU,TYR,PHE,VAL,P,H
2FNP,LEU,ARG,PHE,LEU,SER,TYR,LYS,SER,GLU,LEU,VAL,H,C
3SF8,ASN,GLY,ALA,ILE,SER,LYS,ASN,VAL,VAL,ARG,VAL,P,H
3L7T,ASP,LYS,TYR,ASP,TYR,THR,ASP,HIS,GLU,TYR,LEU,C,C
1SKV,ILE,VAL,LEU,ILE,ALA,GLN,GLU,TYR,ILE,VAL,GLN,H,H
2H19,GLU,LYS,SER,HIS,ASN,GLY,MET,VAL,PHE,TYR,THR,C,C
2Z8M,PHE,ASP,VAL,TYR,HIS,PHE,LYS,GLY,HIS,LYS,ASN,H,C
2FBK,GLN,PRO,ALA,LEU,LEU,ALA,HIS,THR,LEU,THR,THR,P,P
2H6L,HIS,GLU,MET,ALA,GLU,ALA,LEU,SER,PRO,GLU,ASP,C,C
2IJ0,PRO,GLY,SER,SER,ASP,SER,GLY,LEU,THR,HIS,ALA,P,H
2A0S,GLU,LYS,ILE,GLU,GLU,ILE,LYS,ASP,PHE,SER,GLU,C,C
2QIE,LYS,LYS,TYR,LEU,GLN,LYS,ALA,HIS,ILE,VAL,GLU,C,C
3IZ0,LYS,PHE,SER,PRO,ARG,SER,ARG,TYR,ASN,LEU,ASN,C,H
3BL4,ASP,GLY,ALA,ARG,ALA,ASP,THR,PRO,ASP,GLY,VAL,C,H
3FA9,CYS,ALA,ALA,SER,VAL,ILE,VAL,ALA,ALA,THR,LYS,P,H
2RK0,VAL,LEU,VAL,SER,PHE,VAL,LEU,LEU,HIS,LEU,SER,H,H
5JG6,CYS,LYS,LEU,LYS,GLN,SER,THR,SER,MET,GLN,THR,P,C
1NN4,LEU,THR,GLY,VAL,CYS,GLY,GLY,VAL,ASP,VAL,TYR,H,P
3BPD,ASN,GLU,GLY,GLY,LYS,VAL,GLY,ASP,ILE,LYS,VAL,P,C
1NWW,ASN,GLU,ARG,ALA,PHE,ASP,ASP,GLY,THR,ILE,LYS,P,C
4FQ0,LEU,LEU,ILE,GLN,VAL,THR,VAL,LEU,VAL,ILE,ALA,H,H
1XY7,LYS,SER,ALA,PHE,THR,LYS,LYS,ASP,ALA,ALA,GLY,C,P
3TCX,LEU,LYS,GLU,THR,PHE,LEU,ILE,ASP,ASP,GLN,ASP,H,C
1ZKE,GLU,LEU,PHE,MET,LYS,LEU,ALA,ASN,ASN,GLN,VAL,C,H
2VUC,ASN,THR,ALA,ALA,LEU,GLU,ASN,THR,VAL,GLN,ASN,P,P
3O10,ASP,LYS,LEU,LEU,ASP,GLY,ARG,VAL,LEU,PRO,ASP,C,C
3F8H,ALA,PHE,ALA,VAL,ALA,ALA,GLU,THR,SER,ALA,PHE,H,H
3RGU,MET,LEU,LEU,ALA,MET,GLN,VAL,ASN,THR,SER,GLN,H,H
3D5R,LEU,HIS,GLN,LEU,ARG,VAL,LEU,ALA,ASP,GLN,ALA,H,C
2VPV,VAL,VAL,THR,PHE,PHE,SER,PHE,VAL,GLY,HIS,ALA,H,H
2Z3G,ARG,LEU,GLN,GLY,PRO,LEU,TYR,GLY,SER,ARG,LEU,C,H
2A4W,PRO,ASP,ALA,SER,ALA,MET,GLU,ALA,GLU,ALA,ARG,P,C
2JRI,ILE,LEU,THR,THR,LEU,VAL,GLY,LEU,ARG,HIS,LYS,H,H
3EMJ,PRO,ASP,ASP,LEU,GLU,LYS,LEU,GLU,ASP,TRP,ILE,P,C
3IA8,SER,PRO,GLN,ALA,MET,THR,THR,THR,PRO,GLN,THR,P,P
2IDR,THR,THR,HIS,SER,ASP,ARG,ILE,VAL,GLY,ALA,PRO,P,P
1LKY,LEU,VAL,ASP,PHE,LEU,SER,GLY,GLU,LEU,SER,HIS,H,H
2UYZ,HIS,VAL,ASP,ILE,LYS,GLU,GLU,PHE,GLU,GLY,GLU,C,H
3RMU,VAL,VAL,MET,ILE,MET,THR,LEU,ILE,VAL,TYR,LEU,H,H
1EBO,ASP,VAL,ASN,ARG,ILE,THR,ASP,GLN,GLN,ALA,GLN,C,H
3FYF,GLU,LYS,GLU,ALA,GLU,GLU,LYS,ALA,GLN,ALA,TRP,C,C
3HZ4,TRP,SER,ALA,PHE,ILE,GLY,GLU,ILE,LYS,VAL,PHE,H,P
3EDM,LYS,ALA,VAL,THR,LYS,GLU,ALA,GLU,ALA,ALA,ARG,C,H
3OT4,VAL,ALA,SER,PRO,VAL,GLY,ARG,ASP,CYS,SER,PHE,H,H
3G3Z,LYS,TRP,ARG,ALA,ILE,ARG,CYS,GLU,GLU,LYS,GLY,C,H
1F15,PRO,ASP,ALA,LEU,PRO,SER,VAL,MET,SER,ILE,SER,P,C
4EIG,ARG,LYS,ASP,THR,GLY,PHE,MET,ARG,VAL,SER,THR,C,C
3CAM,THR,LYS,PHE,ALA,ASN,GLY,HIS,ASP,TRP,PHE,PHE,P,C
2R8E,ASN,GLY,GLY,LEU,ASP,ASP,ASP,GLY,ILE,VAL,LYS,P,H
3T38,GLY,PRO,LEU,ALA,LEU,SER,PHE,GLU,THR,ALA,ILE,H,P
2QW7,THR,GLU,MET,VAL,ALA,VAL,ASN,GLY,LYS,ARG,GLY,P,C
3LHR,VAL,TRP,LEU,LEU,GLU,ARG,PRO,LEU,VAL,PRO,GLU,H,H
3NCT,GLN,PHE,GLY,GLY,PHE,GLN,VAL,CYS,VAL,SER,ALA,P,H
2Q1E,LYS,THR,ALA,GLY,GLU,ASP,GLN,SER,SER,ILE,PHE,C,P
3CJL,GLY,GLY,LEU,LEU,ALA,PHE,VAL,PHE,ILE,GLY,VAL,H,H
1XEB,GLY,ASP,TRP,LEU,THR,TRP,GLU,GLY,ARG,MET,ARG,H,C
1YDG,THR,ALA,ALA,ALA,ARG,GLU,GLY,ARG,ALA,ARG,VAL,P,H
2RKK,LEU,ILE,GLY,LEU,TYR,ILE,MET,PHE,GLY,GLY,LEU,H,H
3NKZ,TYR,GLU,LEU,ILE,LYS,ILE,TYR,LEU,VAL,ASN,GLU,H,C
2QW7,LEU,LEU,LEU,SER,VAL,GLY,VAL,VAL,LYS,ALA,VAL,H,H
4EQA,VAL,GLY,SER,SER,PHE,SER,ILE,ALA,GLY,HIS,SER,H,H
2KLH,ARG,ARG,GLY,SER,VAL,ARG,LYS,VAL,TYR,ARG,GLU,C,C
4LGR,TYR,TYR,THR,ILE,SER,ASN,GLY,ALA,ALA,ARG,GLY,H,H
1A79,ASN,ARG,TYR,GLY,SER,HIS,VAL,THR,VAL,ALA,PHE,P,C
1YC8,ASP,SER,PRO,CYS,TYR,SER,CYS,SER,SER,THR,ARG,C,P
3HCU,PHE,ALA,GLY,GLY,GLY,PRO,THR,LYS,GLY,GLN,GLN,H,H
3SK2,LEU,ASP,GLY,THR,LEU,ALA,PRO,THR,MET,HIS,ILE,H,C
1AXI,ILE,SER,HIS,ASP,LEU,TYR,LYS,TYR,ALA,TYR,VAL,H,P
2E2D,ALA,SER,CYS,CYS,CYS,SER,CYS,PRO,ALA,LEU,VAL,H,P
3NJA,ARG,PHE,ASP,THR,ALA,THR,ALA,HIS,ASP,SER,ALA,C,H
1SS4,VAL,VAL,VAL,TYR,SER,MET,ILE,ILE,ASN,SER,ARG,H,H
3E1Z,THR,GLN,GLY,TRP,CYS,GLY,SER,CYS,HIS,SER,ALA,P,P
1SFX,ARG,ALA,ALA,SER,ARG,LEU,SER,ASP,VAL,GLU,LEU,C,H
2FNP,VAL,SER,ILE,PHE,GLU,SER,GLU,LYS,LEU,ILE,TYR,H,P
3M5K,LYS,TYR,ARG,GLY,LYS,PRO,GLY,LYS,GLU,LEU,MET,C,H
2HWW,ARG,LEU,CYS,LEU,SER,ARG,ARG,HIS,ASP,CYS,ASN,C,H
1Y0U,SER,SER,ALA,LEU,ASP,ILE,LYS,LYS,ALA,TYR,GLU,P,P
1D2Z,SER,SER,THR,GLU,ALA,PRO,LEU,LEU,ASN,ALA,LEU,P,P
3A1M,ARG,GLY,ASN,THR,ILE,GLY,GLU,LEU,VAL,LYS,THR,C,H
3JXO,PHE,PHE,TYR,PHE,ALA,ILE,ILE,ALA,LEU,LEU,SER,H,H
5SZI,GLN,VAL,ASP,GLU,ASP,LEU,ARG,GLU,SER,LEU,GLU,P,H
3ZZV,TYR,VAL,THR,ALA,THR,ILE,TRP,ARG,ALA,ILE,THR,H,H
2CKF,LEU,ARG,GLN,LYS,PHE,ASN,ILE,TYR,TYR,VAL,THR,H,C
3BCW,ASN,ILE,ALA,SER,PRO,ARG,GLN,GLU,GLY,GLY,GLY,P,H
2JZ0,MET,LEU,MET,LEU,PRO,VAL,ILE,TYR,GLU,ILE,MET,H,H
5JZ7,PHE,ASP,ALA,SER,THR,GLU,TYR,PRO,THR,THR,ASP,H,C
3REB,ARG,LYS,GLY,TYR,GLU,GLU,LEU,ASP,VAL,ASP,ARG,C,C
3G8L,ASP,GLY,ASN,GLY,ASP,ILE,CYS,ASN,ASP,ARG,CYS,C,H
3KE2,GLY,ARG,LEU,GLN,LEU,GLY,PRO,ARG,ASN,TYR,LEU,H,C
1MBY,LYS,GLU,LYS,GLN,PRO,TYR,LYS,LEU,GLN,ILE,LEU,C,C
2JDI,ILE,PHE,VAL,SER,GLN,THR,LEU,PHE,PHE,VAL,GLN,H,H
2LD7,LYS,PRO,GLU,GLY,ASN,LEU,PHE,PHE,LYS,LYS,LYS,C,P
3L2H,ILE,ILE,ALA,ILE,GLY,LEU,MET,GLY,PHE,GLU,VAL,H,H
2OZN,SER,LEU,ASN,ILE,ILE,ALA,SER,ILE,GLY,LEU,SER,P,H
3EBN,LEU,THR,THR,ASP,ASN,LEU,LEU,THR,ASN,LYS,LEU,H,P
1RLI,LYS,MET,GLY,SER,LYS,LEU,GLY,GLN,TYR,ILE,THR,C,H
3Q3Y,ASP,ARG,GLY,ARG,LEU,ALA,ARG,ILE,PHE,HIS,ASN,C,C
1NNQ,GLU,LYS,TYR,ASP,GLU,GLU,VAL,ALA,LYS,LYS,PHE,C,C
3R8K,PHE,LEU,LEU,ALA,PHE,GLU,TYR,VAL,ASP,GLN,VAL,H,H
3SF8,LYS,LYS,ILE,LYS,LEU,GLU,TYR,GLU,LEU,ALA,VAL,C,C
1O63,ALA,TYR,VAL,PHE,VAL,MET,ASP,THR,ILE,HIS,LEU,H,H
2W8M,TRP,GLN,GLY,LYS,TYR,SER,ARG,PHE,ASP,ILE,PHE,H,P
3B93,LYS,PRO,GLU,GLN,PRO,CYS,LEU,SER,VAL,SER,LEU,C,P
2X4I,LEU,ILE,ILE,PHE,VAL,PHE,VAL,ASP,VAL,GLN,ILE,H,H
1UD0,GLU,THR,LYS,ASP,LYS,ALA,GLU,GLN,ASN,GLU,SER,C,P
1OP9,GLU,ALA,GLU,VAL,ASN,GLN,TRP,TRP,ARG,ASP,ARG,C,H
2DUM,ILE,VAL,PRO,LEU,LEU,ILE,LEU,THR,LYS,SER,MET,H,H
3OR3,GLN,ILE,GLU,VAL,GLN,PRO,LYS,ASN,GLN,ASN,ILE,P,H
3ZQP,GLU,ALA,ARG,SER,ILE,LYS,GLU,ASP,GLY,LEU,ALA,C,H
1VSQ,LEU,GLU,GLY,THR,VAL,ASN,PHE,PRO,LYS,SER,ALA,H,C
2J0T,GLU,HIS,SER,ARG,ASN,HIS,ARG,PHE,PHE,GLU,TYR,C,C
4FQ0,VAL,ALA,LEU,ALA,LEU,MET,ALA,ALA,MET,PRO,SER,H,H
3TGK,GLN,GLY,ALA,THR,GLY,CYS,VAL,LYS,GLY,PRO,ILE,P,H
2CO6,THR,PRO,VAL,SER,LEU,LEU,MET,PRO,SER,GLN,VAL,P,P
1BCP,LEU,LEU,LEU,ALA,GLN,LEU,LYS,ILE,LEU,CYS,GLU,H,H
1Y7R,GLN,GLN,SER,PHE,VAL,ILE,ILE,VAL,ILE,LEU,GLY,P,P
3D0W,PHE,LEU,LEU,LEU,GLU,GLY,GLU,MET,LEU,LEU,PHE,H,H
2FEW,THR,GLY,SER,SER,ALA,SER,MET,GLY,ALA,PHE,MET,P,H
1C8N,PRO,ARG,ASP,THR,VAL,GLY,SER,ASN,GLY,SER,LEU,P,C
3BJ6,HIS,ARG,SER,ALA,PRO,GLY,GLN,LEU,LYS,TYR,HIS,C,C
5JZ7,LEU,THR,VAL,ILE,LEU,THR,GLY,LYS,SER,VAL,ALA,H,P
3PJS,LEU,LEU,PHE,LEU,MET,ARG,ARG,GLU,ASP,ARG,LEU,H,H
1JYO,SER,LEU,PHE,LYS,LEU,PHE,ALA,THR,TYR,MET,LEU,P,H
3KYI,TYR,MET,MET,ALA,ALA,LEU,TYR,ASP,SER,ARG,LYS,H,H
1OR6,SER,LEU,SER,LEU,PRO,GLU,ILE,ILE,ASN,ALA,GLN,P,H
1JPY,THR,THR,VAL,VAL,LEU,GLN,VAL,PRO,GLU,VAL,LYS,P,P
1ULG,ASN,ASN,VAL,PHE,SER,ASP,GLN,GLY,LEU,MET,LYS,P,P
3GFK,GLN,GLY,PRO,HIS,LYS,MET,GLU,GLU,GLU,THR,LYS,P,H
1X8Z,LEU,ALA,LEU,SER,PHE,GLN,GLU,GLY,LYS,HIS,ASP,H,H
2QV0,ALA,ALA,TYR,ALA,VAL,PHE,GLU,LEU,ALA,LYS,GLU,H,H
3VG8,LEU,LEU,VAL,ILE,LEU,PHE,THR,VAL,ILE,LEU,ILE,H,H
3OQP,VAL,HIS,PHE,ILE,ASN,TYR,ALA,MET,SER,ALA,PRO,H,C
3FMT,LEU,LEU,ILE,LEU,ILE,SER,LEU,MET,VAL,ARG,ARG,H,H
3B08,ARG,TYR,ARG,GLU,GLN,ALA,GLU,LEU,ALA,GLY,GLU,C,H
1YC6,SER,LYS,GLY,SER,GLU,LEU,SER,LEU,GLU,ASP,ASN,P,C
2OT3,ALA,ASP,LEU,SER,ALA,ILE,VAL,LYS,THR,THR,ALA,H,C
2QKM,GLU,ARG,THR,ALA,SER,ASP,PRO,LYS,LEU,GLU,LEU,C,C
3BNV,PHE,PHE,ALA,ASN,ALA,ILE,SER,CYS,GLY,PHE,ALA,H,H
2PQS,TRP,TRP,ALA,ASN,ASN,VAL,ILE,ALA,ALA,PRO,HIS,H,H
1NW9,LEU,ARG,GLU,LYS,ASP,ARG,ARG,SER,SER,ILE,CYS,H,C
2WZP,GLY,CYS,ASN,GLY,PHE,ASN,GLY,TYR,MET,GLY,SER,H,P
4ILW,LEU,PRO,THR,ASP,ASP,LEU,TYR,PHE,LYS,ASN,PRO,H,P
3K0Z,ILE,ASP,LEU,HIS,TYR,ASP,ALA,GLU,TRP,PHE,PHE,H,C
1LP1,LEU,PHE,ILE,LEU,LEU,GLN,GLN,LYS,TYR,ASN,ALA,H,H
2IJ0,PHE,ARG,GLU,LEU,THR,SER,HIS,SER,THR,SER,LEU,H,C
5D1M,THR,ARG,ARG,ARG,LEU,GLN,GLU,GLN,GLU,GLY,GLN,P,C
3R4Q,THR,THR,PHE,LEU,GLN,ALA,ILE,LEU,GLU,CYS,PHE,P,P
1QL0,VAL,TYR,GLY,ALA,PRO,LEU,VAL,PRO,PRO,LYS,HIS,H,H
1NW9,PRO,PHE,PRO,GLY,CYS,GLY,MET,TYR,ASN,PHE,GLN,P,H
5BOZ,GLU,LYS,SER,PHE,SER,TYR,ARG,ASP,VAL,PHE,THR,C,C
1AY7,PHE,ASP,ALA,ASN,LEU,TRP,VAL,ASP,GLY,CYS,HIS,H,C
2UV1,GLU,GLU,ILE,ALA,LYS,ARG,ASP,PRO,VAL,GLN,ILE,C,C
3TL8,GLY,LEU,SER,VAL,LEU,GLU,HIS,ILE,LEU,GLN,GLY,H,H
3PJN,PRO,PHE,PRO,PRO,ASP,HIS,GLY,GLY,TYR,HIS,TYR,P,H
3JSJ,GLU,GLY,ALA,ALA,ASN,SER,PRO,ALA,PHE,GLU,THR,C,H
2UV1,ALA,GLU,ILE,ALA,LYS,ARG,ASP,PRO,VAL,GLN,ILE,H,C
2FLF,ARG,GLN,PRO,LEU,LEU,LYS,ASP,ARG,HIS,LEU,GLU,C,P
3DTT,ALA,ARG,GLU,THR,GLN,ILE,ASP,GLN,PRO,ILE,THR,H,C
2FTL,CYS,ALA,GLY,CYS,ALA,ASP,CYS,TYR,LEU,GLY,GLY,P,H
1RY7,LYS,ALA,PRO,PHE,GLY,ASN,GLY,TYR,ILE,ASN,ALA,C,H
3JSJ,ARG,GLU,PHE,LEU,VAL,LEU,GLU,ILE,TYR,SER,ARG,C,C
3E2L,ARG,GLY,ALA,ALA,ASP,GLU,LYS,ILE,GLY,ASN,LEU,C,H
2FLF,ILE,VAL,GLY,GLY,LEU,HIS,ALA,PHE,HIS,ARG,LEU,H,H
1K3S,LEU,LEU,GLY,ILE,ALA,LEU,PHE,LEU,LEU,PRO,MET,H,H
1OQJ,THR,GLU,GLY,SER,THR,ALA,LYS,CYS,GLY,LYS,ILE,P,C
2Y1L,ASP,GLU,VAL,VAL,GLU,LEU,LYS,LYS,ASN,LEU,ILE,C,C
3ZXQ,GLU,SER,GLU,ARG,ASP,ARG,GLY,THR,TRP,PHE,PRO,C,P
3R8Y,VAL,TYR,VAL,GLY,ILE,LYS,VAL,GLU,SER,PHE,LYS,H,H
2C9P,MET,MET,MET,MET,PRO,ALA,THR,ALA,GLY,GLY,MET,H,H
1K0Z,LYS,TYR,HIS,PRO,GLU,TRP,SER,GLY,ARG,ASP,ASN,C,H
3IDF,THR,ILE,PHE,LYS,ALA,SER,ASN,GLN,GLU,SER,VAL,P,H
2RK9,LYS,THR,ILE,ALA,SER,SER,ILE,LYS,GLN,ASP,GLN,C,P
4NSO,PHE,SER,TYR,ASP,ILE,SER,LYS,ASP,ILE,GLY,PHE,H,P
2OKU,PHE,ALA,LEU,SER,TYR,GLY,ALA,PHE,LEU,VAL,MET,H,H
1WO8,LEU,LEU,GLY,ASP,GLY,LEU,ALA,ALA,GLN,VAL,PRO,H,H
2IKB,HIS,GLN,TYR,THR,ILE,SER,GLY,GLU,MET,ALA,GLY,C,P
3SF8,SER,VAL,ALA,GLY,ALA,LYS,ASP,PRO,GLY,LEU,GLN,P,H
1WKQ,GLN,PHE,GLY,ASN,TYR,THR,ILE,VAL,ALA,ILE,HIS,P,H
1GYY,ILE,ILE,ILE,ASP,ILE,ILE,HIS,PRO,ILE,VAL,LEU,H,H
3UX9,HIS,SER,PRO,GLY,VAL,LEU,ARG,ASP,TYR,LYS,PHE,C,P
2XIU,ALA,LEU,ALA,LEU,SER,LEU,PRO,GLN,PHE,LEU,ASN,H,H
2OH1,LYS,GLY,ILE,GLY,ALA,LEU,THR,SER,GLY,LEU,GLN,C,H
2E4M,TRP,PRO,PHE,LEU,GLN,ILE,LEU,SER,ASP,SER,TYR,H,P
3HS2,GLU,ARG,ARG,GLY,PHE,THR,ASN,ALA,ASN,ILE,ILE,C,C
2ZV3,ILE,GLY,ILE,GLY,ALA,ILE,HIS,VAL,VAL,ILE,GLN,H,H
2ZA4,TYR,ALA,TYR,ALA,GLY,ALA,ASN,ASP,TYR,LEU,PRO,H,H
2QKP,LEU,LYS,VAL,PRO,PRO,LYS,ASP,LEU,HIS,VAL,PHE,H,C
2AE8,HIS,THR,LEU,PRO,GLU,ASP,ARG,GLY,MET,ILE,ILE,C,P
3GZR,LEU,LYS,ASP,THR,LEU,ILE,LYS,CYS,ASN,VAL,PRO,H,C
3R4O,PRO,SER,GLY,GLY,ASP,ARG,ASN,LYS,THR,MET,ILE,P,P
2QF3,GLN,ARG,ASN,ASN,MET,LEU,GLU,VAL,ASP,HIS,ARG,P,C
2QW7,MET,ALA,LEU,ASP,GLY,VAL,GLU,LEU,LEU,PRO,GLY,H,H
3F7G,GLU,PHE,GLY,PHE,ARG,PRO,PHE,PRO,SER,ARG,GLY,C,H
3OGI,GLN,ASN,VAL,HIS,ARG,ASN,GLY,MET,GLN,ILE,ASP,P,P
3FKF,LEU,ILE,ALA,LEU,LEU,LEU,THR,SER,ALA,LEU,LYS,H,H
2PNH,ILE,ALA,PRO,LEU,VAL,PHE,ARG,ILE,THR,CYS,VAL,H,H
2ZB9,GLN,ALA,GLY,GLY,VAL,LEU,HIS,ASP,GLU,HIS,VAL,P,H
2G3O,LEU,ASN,ILE,THR,LYS,GLY,VAL,LEU,GLY,LEU,MET,H,P
3QB2,ASP,THR,LEU,ALA,LYS,ILE,LYS,LEU,ILE,ALA,ASN,C,P
2AW2,LYS,CYS,GLY,MET,GLN,CYS,ALA,THR,GLN,CYS,ASN,C,P
2PQS,ALA,ALA,ALA,GLY,ALA,ASN,TYR,HIS,PRO,MET,TRP,H,H
3HKL,PHE,LEU,ALA,PRO,ALA,GLN,THR,LEU,LEU,TYR,LEU,H,H
1L4I,LYS,ARG,PRO,PRO,SER,GLN,TYR,ASP,PRO,GLY,LEU,C,C
1GMW,GLU,THR,VAL,ARG,THR,VAL,PHE,ASP,GLY,ARG,LEU,C,P
3DD9,ARG,GLN,GLY,VAL,VAL,TYR,SER,PHE,ARG,GLY,LEU,C,P
1ZUD,TRP,ALA,ALA,LEU,VAL,PHE,GLY,ARG,GLN,ILE,ALA,H,H
3FXT,ARG,GLN,PRO,ALA,LYS,SER,GLN,LEU,ALA,ALA,GLY,C,P
3FBZ,LYS,PRO,SER,ASP,PRO,SER,ALA,THR,ASN,ASN,ASN,C,P
2EF8,THR,PHE,LEU,LEU,ALA,LEU,THR,MET,GLU,GLU,LEU,P,H
2GL0,ASP,ASN,ALA,LYS,VAL,ASP,TYR,VAL,GLU,ARG,GLY,C,P
1OV3,GLU,ALA,LYS,LEU,GLU,THR,TYR,LEU,TYR,SER,ILE,C,H
2V4I,ARG,ARG,ILE,THR,ASP,GLN,GLU,THR,GLY,GLU,VAL,C,C
2FCH,ARG,LEU,GLY,PHE,ASP,PHE,THR,LYS,LYS,TYR,GLU,C,H
3KUR,LEU,VAL,ALA,ALA,LEU,MET,LEU,GLU,GLN,ALA,VAL,H,H
3EUL,GLN,ARG,ASP,TYR,SER,HIS,MET,PRO,ASP,ALA,HIS,P,C
2CJR,LYS,ASP,ASP,LYS,ASN,LEU,LYS,ASP,PHE,GLN,PHE,C,C
1RF8,ALA,ALA,ASP,GLU,VAL,VAL,ALA,GLN,SER,TRP,LEU,H,H
1TO0,THR,LYS,GLU,ASP,LYS,ILE,PRO,ILE,SER,GLU,LYS,P,C
1Z8K,LEU,PHE,SER,GLN,LEU,LYS,ASP,PRO,TYR,LEU,ALA,H,H
2QL2,CYS,ILE,ALA,SER,LEU,LEU,LYS,TYR,TRP,VAL,ALA,P,H
3N7R,GLN,GLU,VAL,ALA,GLY,GLN,TYR,TRP,ASP,VAL,GLU,P,C
3MXN,LEU,GLY,ALA,ALA,VAL,PRO,TRP,GLY,LEU,VAL,GLN,H,H
5L8J,GLU,ALA,ILE,ASN,LYS,CYS,SER,GLU,TYR,ARG,THR,C,H
1ZCP,CYS,CYS,ALA,ALA,ILE,PRO,CYS,ALA,ALA,ALA,ASP,P,P
3Q58,ILE,ILE,ALA,ILE,PHE,CYS,ILE,THR,TRP,ASN,GLU,H,H
2EFD,ALA,THR,ALA,GLY,ALA,TRP,GLY,ASP,TYR,LYS,LEU,H,P
1J3L,GLY,PRO,THR,ALA,LYS,ARG,ASP,THR,ALA,ALA,THR,H,P
2XVT,TRP,LEU,GLU,TYR,ILE,PRO,ASN,ARG,GLN,ALA,LEU,H,H
1JAY,ASP,GLY,GLU,THR,MET,GLU,ILE,ARG,VAL,ILE,ALA,C,H
1Q7L,PHE,PRO,LEU,ALA,PRO,ASN,PRO,VAL,TRP,PRO,ALA,H,P
3L0R,GLU,VAL,THR,VAL,LEU,HIS,PRO,ALA,THR,VAL,VAL,C,H
1PQZ,THR,PHE,PRO,PHE,HIS,MET,SER,TRP,PRO,SER,ILE,P,H
4GEH,PHE,MET,THR,ILE,LEU,ILE,ILE,VAL,PHE,ALA,LYS,H,H
1KSH,GLY,ARG,ALA,PHE,GLU,VAL,VAL,TRP,THR,TYR,PRO,H,C
2WZP,THR,GLY,CYS,GLY,PHE,ASN,ASN,ARG,SER,TYR,SER,P,H
3GWR,ILE,LEU,GLY,ALA,ALA,ALA,ALA,PRO,HIS,ASN,SER,H,H
1SR4,ALA,LEU,GLY,PRO,ILE,ARG,LEU,ALA,ILE,GLY,ALA,H,H
2C21,ASP,LYS,GLU,ASN,THR,GLU,GLU,MET,VAL,ASP,GLU,C,C
3CC0,SER,SER,MET,ILE,ASP,TRP,VAL,PRO,LEU,SER,GLY,P,P
2GL0,LYS,ARG,GLU,GLY,ALA,CYS,ALA,SER,GLU,ALA,GLY,C,C
1Y5Y,ASP,ALA,ALA,ILE,PHE,VAL,ASP,THR,MET,GLY,GLN,C,H
1R4C,GLU,LYS,LYS,ALA,PRO,ASP,HIS,HIS,ARG,GLY,PHE,C,C
2VSC,LEU,LYS,LEU,SER,PHE,ASN,ASP,THR,GLY,ALA,TYR,H,C
4JW3,TYR,ARG,SER,PHE,PHE,ALA,TYR,ALA,SER,ASP,ALA,H,C
1YLX,THR,GLU,PHE,ARG,HIS,GLY,GLU,TYR,HIS,THR,TYR,P,C
2P5X,TRP,ILE,PHE,VAL,VAL,LEU,LEU,VAL,LEU,ILE,LYS,H,H
2EFC,ALA,THR,ALA,ALA,ASP,TYR,TRP,GLY,LYS,ALA,TYR,H,P
3JVF,ASN,LYS,GLY,GLN,GLU,ASN,ILE,ASP,ALA,ILE,ASN,P,C
2QA7,LYS,HIS,ASP,GLU,GLU,ASP,LEU,ILE,ARG,LYS,ARG,C,C
1NVI,PHE,PRO,ALA,TRP,MET,PHE,ALA,TYR,THR,LEU,ARG,H,P
4ONS,LEU,ALA,ALA,ALA,VAL,VAL,GLN,SER,GLN,ARG,PRO,H,H
1PUG,VAL,VAL,VAL,ALA,GLU,LEU,VAL,ILE,PHE,ASP,ALA,H,H
2O74,ILE,LEU,ILE,CYS,ALA,ALA,ILE,PRO,PHE,LEU,GLY,H,H
3ER6,ILE,PHE,ALA,ILE,VAL,ALA,ILE,ARG,SER,GLY,GLY,H,H
1OB8,ASP,THR,GLU,SER,LYS,VAL,TRP,LYS,ALA,GLY,ILE,C,P
2OPD,PRO,THR,TYR,GLY,GLY,LYS,PRO,LYS,THR,GLU,GLU,P,P
3QTH,LYS,LEU,ILE,SER,CYS,LYS,TYR,PRO,ARG,GLN,TYR,C,H
3PH1,LEU,LEU,GLY,VAL,HIS,LEU,SER,SER,LEU,TRP,PRO,H,H
4DGE,GLU,ILE,TYR,ALA,LEU,ASN,LEU,LYS,ALA,THR,ASN,C,H
2HIN,VAL,GLU,THR,SER,SER,TYR,VAL,LYS,PHE,ARG,ALA,H,C
2P4A,TYR,GLY,TYR,GLY,GLY,ALA,TYR,ILE,TYR,ARG,ASP,H,H
3GWH,LEU,VAL,ALA,TYR,LEU,PRO,LEU,GLU,LEU,MET,GLU,H,H
2F5G,THR,ASN,ALA,LEU,GLY,ASN,CYS,PHE,THR,ILE,ASN,P,P
4DH2,ASP,TYR,LYS,LYS,CYS,VAL,LEU,ILE,LEU,ASN,MET,C,H
3IC5,HIS,THR,SER,LYS,ALA,LEU,SER,VAL,LEU,VAL,ARG,C,P
3T04,TRP,PHE,TYR,LYS,THR,TYR,PRO,PHE,ASP,TYR,ARG,H,H
2JL4,ALA,ASN,SER,HIS,LEU,GLN,PHE,GLY,ASN,SER,PRO,H,P
2GUH,PRO,THR,ALA,ARG,TYR,ARG,MET,ASN,PRO,ALA,LYS,P,P
1L4D,LYS,ALA,MET,ILE,THR,ASP,PRO,PRO,ALA,LEU,ASP,C,H
1NWW,GLY,LEU,GLY,GLU,TYR,VAL,TYR,ILE,HIS,ARG,SER,H,H
5BOZ,ILE,PHE,LYS,ASP,VAL,TYR,SER,SER,TYR,ASP,ALA,H,H
2GBK,ALA,GLU,THR,GLY,ARG,LEU,GLN,VAL,VAL,GLY,LYS,H,C
2Q1E,GLN,TYR,LEU,TYR,GLN,GLN,PRO,ILE,THR,ASP,ASN,P,H
2ANU,ILE,ILE,ALA,ILE,TRP,TYR,LEU,VAL,GLY,LEU,TYR,H,H
2GJV,GLN,ARG,ASP,LEU,GLU,LEU,ARG,ILE,GLY,ARG,SER,P,C
3MQH,ASN,ASN,SER,ASN,ASN,GLN,MET,SER,PRO,VAL,VAL,P,P
1PZR,LEU,GLU,SER,PHE,ARG,VAL,THR,ARG,THR,LEU,LEU,H,C
2CKF,ARG,GLU,PHE,VAL,ALA,ASP,LYS,HIS,ILE,ASP,GLU,C,C
3BCW,SER,ARG,ALA,ASP,GLU,VAL,GLU,ALA,VAL,VAL,SER,P,C
3LB5,GLN,VAL,VAL,THR,ILE,ALA,PHE,GLN,MET,ILE,VAL,P,H
2P42,TYR,GLY,GLY,TYR,GLY,ILE,THR,TYR,GLN,TYR,TYR,H,H
2ZA4,HIS,ALA,TYR,ALA,GLY,ALA,ASN,ASP,TYR,LEU,PRO,C,H
2HLE,LEU,ASN,SER,GLY,PRO,TRP,LEU,LEU,GLN,PHE,ILE,H,P
4FFY,VAL,PRO,PHE,PHE,TRP,TRP,ASN,HIS,TRP,PHE,TYR,H,P
2Y0B,PHE,ALA,GLU,ILE,PHE,GLU,LEU,GLY,ASP,ILE,ASN,H,H
3HS2,ALA,ALA,GLY,GLU,GLU,ASN,SER,ASN,VAL,THR,GLU,H,H
3E2L,PRO,TYR,HIS,GLU,SER,TRP,THR,TYR,PHE,SER,ALA,P,H
1SPB,GLY,ASP,PRO,LEU,HIS,THR,GLY,LEU,ASN,TYR,ALA,H,C
1YJ7,LEU,ASN,GLY,SER,GLY,THR,ASP,LEU,GLU,THR,MET,H,P
1OIA,ALA,TYR,PHE,ILE,SER,ASN,ASP,GLU,ILE,PRO,LEU,H,H
1F36,ASN,ARG,THR,ALA,ARG,GLN,GLY,ASN,LEU,ASN,LEU,P,C
1VP2,GLU,SER,PRO,PRO,THR,LYS,GLU,TYR,VAL,ILE,TYR,C,P
3RVX,ARG,TYR,VAL,SER,TYR,PRO,ASP,GLY,TYR,ARG,TYR,C,H
3FKH,GLU,ILE,VAL,ASP,PRO,ARG,GLU,MET,PHE,LEU,VAL,C,H
1X8Z,ALA,LEU,ALA,GLN,PHE,LYS,ALA,GLY,SER,GLU,SER,H,H
1V1P,PHE,ILE,GLY,SER,PHE,ASN,LEU,ILE,PRO,THR,ASN,H,H
2HRV,TYR,TYR,THR,PRO,TYR,ARG,LEU,PRO,SER,ASN,ALA,H,H
2RP4,ALA,ARG,GLU,ALA,ASN,LEU,LEU,PRO,VAL,ALA,GLN,H,C
2O8G,TYR,LEU,ALA,MET,ILE,GLU,THR,ASN,ASP,TRP,LYS,H,H
3JX9,ALA,ALA,LEU,MET,ALA,LEU,THR,GLY,PHE,PHE,GLY,H,H
4FQ0,ILE,HIS,PRO,THR,GLN,GLU,ARG,MET,VAL,LEU,ILE,H,C
1U69,ALA,PRO,ALA,LEU,THR,HIS,ARG,ASP,LEU,ASN,VAL,H,P
3GNJ,ASN,LYS,GLU,THR,GLN,VAL,PHE,GLU,GLU,LEU,THR,P,C
3OL3,GLN,ARG,ILE,GLU,ALA,ALA,GLN,GLN,ASP,VAL,ILE,P,C
4W6W,TYR,SER,ILE,GLN,THR,GLU,TYR,ASP,ARG,ILE,VAL,H,P
3I9S,TYR,LYS,ALA,ILE,GLU,GLY,LEU,VAL,GLY,SER,GLN,H,C
2ZVZ,ASP,GLN,ALA,SER,ASP,ASN,ARG,PRO,ASP,ILE,HIS,C,P
3KE2,PHE,ILE,ASP,PHE,GLY,LYS,ILE,PRO,ALA,SER,LEU,H,H
3F6O,ALA,GLU,PRO,ILE,ALA,GLU,THR,GLY,GLN,LYS,ILE,H,C
3A1M,ARG,THR,GLY,ILE,LEU,ASN,VAL,GLY,LYS,THR,GLU,C,P
2HVB,GLY,GLU,GLY,LEU,GLU,ARG,VAL,LYS,ASP,TYR,LYS,H,C
3HCS,ARG,PHE,GLU,ASP,ARG,TYR,ARG,ASN,GLN,ALA,LYS,C,H
2QH1,GLU,PRO,ASN,ALA,SER,CYS,CYS,GLY,ASP,ARG,VAL,C,P
1Y23,ILE,LYS,ASP,PRO,GLU,ASP,ASP,TYR,ALA,LEU,ASN,H,C
3CG0,ARG,ASP,PRO,CYS,ARG,LEU,ARG,CYS,LEU,PRO,VAL,C,C
2RH0,ARG,GLN,GLY,PRO,GLY,GLU,TYR,GLN,THR,ARG,CYS,C,P
1Z92,VAL,LEU,TYR,CYS,ARG,ASN,SER,GLY,MET,GLU,SER,H,H
4KVG,ASP,LYS,LYS,SER,THR,THR,SER,MET,LEU,PHE,HIS,C,C
1MVK,ASP,THR,ALA,LYS,ASP,ASP,THR,LYS,TYR,GLN,THR,C,P
2R25,GLY,LYS,ASN,ALA,ILE,LEU,GLU,PRO,ILE,ASP,THR,H,C
3FJS,VAL,THR,THR,LEU,SER,TYR,LEU,VAL,GLN,PRO,VAL,H,P
3IXE,LEU,PRO,CYS,PHE,GLU,GLU,PRO,GLY,LEU,HIS,ARG,H,P
1R4C,GLY,GLN,THR,CYS,ASP,CYS,PHE,SER,ALA,ALA,SER,H,P
2A6Q,ASP,THR,ARG,GLU,PRO,GLY,ASP,PHE,PRO,LYS,MET,C,P
3LJL,ILE,GLN,SER,THR,THR,GLN,GLN,GLY,THR,SER,ARG,H,P
1ZDN,HIS,LEU,ASN,VAL,THR,CYS,HIS,PRO,LEU,LEU,ARG,C,H
3OQP,PHE,PHE,HIS,ALA,ILE,LEU,VAL,VAL,ILE,ASN,SER,H,H
3K7S,GLU,LYS,VAL,GLU,ASN,ALA,VAL,GLY,GLU,PHE,ASP,C,C
2JV7,ASN,THR,THR,CYS,CYS,ALA,SER,SER,ALA,ALA,ALA,P,P
5IP4,LEU,LEU,PRO,VAL,LEU,ASN,LEU,ARG,VAL,ARG,ILE,H,H
5BOZ,SER,ALA,ALA,ARG,THR,GLU,ASP,GLU,PRO,LYS,GLN,P,H
3K1I,THR,ILE,MET,ASP,ALA,LEU,ILE,ASN,ASN,ILE,SER,P,H
1BUH,PHE,MET,TYR,LEU,HIS,ILE,TYR,ARG,GLU,LEU,ILE,H,H
3DN7,ALA,ALA,ARG,PHE,SER,GLN,GLN,ALA,SER,THR,LEU,H,H
1W4R,LEU,VAL,VAL,PRO,LEU,LEU,ALA,LEU,ASN,ASP,SER,H,H
2C9P,MET,MET,TYR,MET,MET,THR,VAL,ALA,SER,LEU,GLY,H,H
1J4V,GLN,ASN,TYR,THR,SER,ALA,SER,THR,CYS,THR,TYR,P,P
3BL5,LEU,VAL,SER,THR,CYS,ALA,LEU,MET,ILE,VAL,ASN,H,H
1TM3,GLN,PRO,GLU,VAL,GLU,VAL,TRP,LYS,LEU,PRO,ARG,P,P
2LVO,LEU,MET,ILE,THR,GLN,PHE,GLU,VAL,PRO,VAL,GLU,H,H
3ERW,VAL,ILE,CYS,THR,PRO,THR,LEU,ILE,PRO,TRP,SER,H,H
1H3L,LEU,LEU,ALA,THR,MET,TYR,PHE,GLN,ALA,LEU,ARG,H,H
2NYI,SER,VAL,ALA,VAL,ARG,GLU,ALA,ALA,PHE,SER,LEU,P,H
1D2Z,TRP,ALA,GLY,GLY,ILE,LEU,PRO,ARG,ASP,VAL,PRO,H,H
4U32,ALA,GLU,THR,LYS,LEU,GLU,LYS,TRP,CYS,LEU,TYR,H,C
3R2J,VAL,ALA,LEU,GLY,GLU,ASP,GLY,LEU,LEU,GLY,LEU,H,H
2RH0,THR,ASN,PHE,GLU,PHE,PRO,GLY,PHE,GLN,ARG,LYS,P,P
1YJ7,ALA,PRO,GLU,SER,SER,GLY,SER,SER,VAL,SER,GLY,H,P
1JRA,TYR,SER,TYR,ALA,TYR,GLY,VAL,TYR,TRP,PRO,PHE,H,P
1NP8,GLN,HIS,GLN,ARG,VAL,LYS,ASP,LYS,PRO,LEU,GLY,P,C
3Q0V,GLU,VAL,ALA,THR,ASN,LEU,GLU,THR,GLY,PHE,ILE,C,H
1IGU,GLU,GLU,LYS,GLU,PRO,VAL,ALA,VAL,ASP,VAL,HIS,C,C
1JTG,THR,ASP,ALA,ALA,THR,ALA,LYS,SER,ARG,THR,ALA,P,C
2NP5,ALA,LEU,THR,ALA,VAL,LEU,TYR,GLY,ASP,GLN,TYR,H,H
1LZW,GLU,VAL,GLU,SER,SER,THR,THR,GLU,GLU,GLN,ARG,C,H
3KYI,VAL,PRO,LEU,SER,TYR,PHE,GLY,LYS,ALA,GLU,GLY,H,P
1TM1,LYS,GLN,VAL,ASP,LYS,PRO,LEU,LEU,LYS,GLU,LYS,C,P
2A72,GLU,SER,ASP,PRO,LEU,LYS,SER,LYS,ARG,MET,TYR,C,P
1RXD,LYS,THR,PRO,ASN,THR,ALA,ASN,THR,PHE,HIS,TYR,C,P
5DFW,THR,SER,VAL,SER,THR,THR,LEU,SER,GLN,PRO,VAL,P,P
2ZMF,LYS,ASP,ALA,PRO,ILE,ARG,ASP,PRO,PHE,ILE,TYR,C,C
2FJC,VAL,MET,TYR,ILE,VAL,SER,GLY,ALA,LEU,GLU,ALA,H,H
2O38,ILE,LEU,LEU,VAL,MET,ALA,VAL,THR,VAL,ILE,VAL,H,H
2IKB,LEU,LEU,ALA,LEU,THR,ALA,VAL,VAL,GLU,ILE,TYR,H,H
1F9Z,ILE,THR,ILE,ILE,VAL,LEU,LEU,HIS,ALA,MET,TYR,H,P
3PJS,ALA,ALA,GLY,ALA,VAL,LEU,ALA,ARG,ALA,THR,LEU,H,H
1PK1,ILE,GLY,PRO,LEU,LYS,LEU,LYS,LEU,MET,HIS,SER,H,H
2QKP,LYS,LYS,ARG,THR,MET,ALA,VAL,GLN,PHE,ALA,ARG,C,C
1K66,SER,SER,ILE,SER,TRP,PRO,TYR,SER,TYR,LYS,TYR,P,P
2JKI,SER,THR,LYS,TYR,GLU,PHE,GLU,VAL,TYR,ARG,THR,P,P
1G6U,LEU,LEU,LEU,SER,ALA,LEU,GLU,LEU,LEU,ALA,LYS,H,H
2GUH,ASP,SER,VAL,LEU,PRO,ALA,ALA,GLY,LYS,SER,GLU,C,P
2QAZ,LEU,LEU,ALA,ALA,VAL,LEU,PHE,GLY,GLN,ASP,ALA,H,H
1U8S,THR,ASN,GLN,LYS,ASP,THR,SER,SER,ILE,PHE,ASP,P,P
1EWY,LYS,ASP,ASP,TYR,GLU,PRO,PRO,ALA,TYR,THR,ALA,C,C
3GXG,GLY,GLY,GLN,ILE,GLN,ASN,ASN,LEU,LEU,LEU,GLU,H,H
3MLG,VAL,ILE,VAL,MET,ASP,ALA,THR,GLN,PRO,ILE,SER,H,H
2XYK,TYR,GLY,VAL,HIS,HIS,GLU,PRO,ARG,TYR,MET,LYS,H,H
1KTK,ASP,PRO,GLU,PRO,GLN,GLY,VAL,VAL,PHE,PHE,THR,C,P
1F3U,ALA,PHE,PRO,TYR,THR,GLU,ALA,PRO,THR,LYS,ASN,H,H
2QL2,ALA,LEU,ALA,VAL,ALA,LEU,LEU,ASN,ILE,VAL,LEU,H,H
2LFH,LEU,HIS,GLY,HIS,MET,GLY,HIS,HIS,HIS,HIS,MET,H,C
3D0T,ASP,ASP,LYS,ASN,PHE,LEU,ALA,ASP,GLY,LEU,SER,C,C
2HEY,LYS,GLU,ASP,VAL,THR,CYS,TYR,SER,SER,ARG,HIS,C,C
1NKI,ASP,GLY,LEU,ASP,ASP,ARG,PRO,GLY,PRO,GLY,ARG,C,H
4POU,ASN,THR,GLY,TYR,ARG,ARG,GLY,GLY,TYR,ASP,HIS,P,P
1F5M,LEU,TYR,ILE,GLN,ASN,SER,VAL,SER,LEU,ASP,HIS,H,H
5J56,GLU,SER,GLY,SER,PHE,ALA,SER,TRP,GLY,ASP,GLY,C,P
1N2M,VAL,ILE,CYS,ALA,LEU,SER,LEU,PRO,ILE,ILE,GLY,H,H
3KDG,HIS,HIS,MET,ILE,ILE,GLU,LEU,HIS,MET,ILE,SER,C,C
1JKG,ALA,ALA,VAL,ASP,PHE,ARG,SER,ALA,LEU,GLU,GLY,H,H
2OUW,ALA,ARG,ASP,ASP,ILE,ASP,LYS,VAL,SER,ALA,ARG,H,C
1SQE,ILE,PHE,GLN,ILE,LEU,THR,VAL,MET,MET,GLN,HIS,H,H
1TQ8,LEU,VAL,VAL,LEU,VAL,VAL,LEU,ALA,GLY,GLY,LEU,H,H
3DAL,ARG,MET,ILE,GLY,ASN,HIS,SER,GLN,HIS,ILE,ASN,C,H
4C4K,PHE,PRO,PRO,ILE,GLY,PHE,LYS,GLY,ASP,SER,GLY,H,P
2P1J,LEU,TYR,PHE,THR,HIS,GLU,ALA,GLU,ARG,ASP,GLY,H,H
2R19,VAL,LEU,THR,SER,VAL,VAL,PRO,ASP,ILE,ASN,SER,H,H
2FNE,THR,SER,SER,ASP,GLU,SER,GLY,ASP,PRO,LYS,LEU,P,P
2DJF,TYR,ARG,ASP,VAL,ASN,ASN,VAL,PRO,SER,TRP,PRO,H,C
1T0P,SER,GLU,LEU,CYS,SER,THR,LEU,ALA,LYS,SER,ILE,P,C
1S28,GLY,LYS,SER,GLY,GLY,ILE,GLY,SER,SER,LYS,GLY,H,C
2NYX,LEU,HIS,GLN,THR,GLU,SER,GLN,VAL,GLU,HIS,THR,H,C
2A56,LYS,HIS,LYS,THR,GLU,ASP,ALA,THR,VAL,ARG,TRP,C,C
1BUH,ILE,LEU,ILE,HIS,MET,HIS,TYR,TYR,GLU,TYR,LEU,H,H
3F4N,VAL,ALA,LEU,GLY,VAL,ILE,ILE,ALA,GLY,PRO,THR,H,H
3DN7,SER,PHE,GLN,ALA,ALA,GLN,TYR,SER,SER,ALA,TYR,P,H
3LFK,ASP,LEU,TYR,ALA,ARG,GLU,ILE,LYS,PHE,VAL,GLY,C,H
3ZXQ,SER,GLU,GLY,SER,ALA,PHE,GLY,THR,PRO,ASP,ASP,P,C
3P01,LEU,LEU,LEU,LEU,MET,THR,VAL,GLN,SER,LEU,ALA,H,H
4IOP,ASP,LYS,ASP,SER,GLU,SER,SER,ARG,GLY,THR,THR,C,C
3DWG,ALA,PRO,GLY,SER,MET,SER,ASP,PRO,LYS,GLU,LEU,H,P
2Z5C,TYR,LEU,SER,ILE,LEU,GLN,THR,THR,THR,MET,GLN,H,H
1W9A,ARG,ASN,HIS,ALA,ASP,LEU,GLN,ILE,GLY,ARG,TYR,C,P
4Q96,CYS,CYS,ALA,GLY,LYS,ASP,PRO,LEU,GLU,LEU,VAL,P,P
3KE2,ILE,ILE,PRO,LEU,SER,PHE,GLY,ILE,TRP,GLY,TRP,H,H
5JSN,PRO,GLU,MET,THR,GLU,GLN,GLN,LEU,ASP,LEU,ARG,P,C
3KLQ,PHE,THR,ALA,SER,VAL,GLN,ILE,VAL,VAL,PRO,PHE,H,P
2J6Y,HIS,LEU,ILE,LEU,MET,SER,VAL,PHE,HIS,ILE,ASP,C,H
2F4M,ARG,GLN,HIS,GLU,ASN,ARG,GLU,ILE,GLY,ARG,PRO,C,P
3R6A,LYS,LYS,SER,ILE,GLU,GLY,GLU,HIS,THR,ARG,ASP,C,C
2DX0,LYS,MET,GLY,THR,MET,SER,VAL,GLU,ASN,TYR,TYR,C,H
1FY8,GLY,LYS,ARG,SER,ASN,PHE,ASP,TYR,ILE,TYR,ALA,H,C
1LX5,PHE,ASP,CYS,THR,CYS,ILE,LYS,SER,ARG,GLY,CYS,H,C
3MQW,LYS,GLY,ALA,VAL,ALA,TYR,SER,GLU,GLN,VAL,PRO,C,H
3CFI,ASN,THR,TYR,SER,ALA,ARG,ALA,LEU,TRP,ARG,TYR,P,P
3S1J,ALA,TYR,PHE,ILE,PHE,PHE,LEU,GLN,ALA,SER,LEU,H,H
2AHM,SER,ASN,ASN,THR,THR,ASP,LYS,ASN,GLY,THR,ASN,P,P
3AHS,ASN,SER,ASP,TYR,TYR,PRO,ASN,TYR,SER,VAL,SER,P,P
4PAS,ILE,ILE,ARG,ASP,LEU,LEU,THR,LYS,ASN,GLU,LEU,H,H
2C9J,MET,LEU,ALA,ASN,VAL,ASN,MET,TRP,GLY,SER,ASN,H,H
3RMU,ILE,MET,VAL,TYR,ILE,LEU,THR,MET,LEU,ALA,VAL,H,H
2EKD,VAL,ASN,LEU,SER,GLY,GLU,ILE,SER,LYS,ARG,GLY,H,P
1TDQ,ARG,ARG,ASP,VAL,GLU,GLU,GLU,ARG,ARG,THR,PHE,C,C
1YC8,ALA,THR,VAL,GLY,PRO,THR,ALA,ARG,GLN,GLU,SER,H,P
4EQA,SER,SER,GLY,SER,GLY,ALA,SER,PHE,SER,ARG,HIS,P,P
3R2J,ALA,ILE,THR,ALA,GLY,LEU,VAL,ARG,SER,PHE,VAL,H,H
4XVP,ASN,ALA,MET,LEU,TYR,TRP,ALA,SER,GLU,ARG,VAL,P,H
3PJS,GLU,ARG,ARG,MET,ARG,GLU,LEU,ASP,ALA,ASP,PHE,C,C
2ADL,PHE,ASN,GLY,MET,ALA,ILE,SER,PHE,GLU,ASN,GLU,H,P
1MQ8,GLU,THR,SER,GLU,THR,LEU,ALA,SER,MET,HIS,THR,C,P
2Z58,GLN,HIS,PRO,ASN,VAL,LEU,GLU,ILE,PHE,GLY,GLN,P,C
2IYB,ARG,THR,SER,HIS,GLU,CYS,CYS,ALA,ASN,LEU,VAL,C,P
3TY6,LEU,ALA,ALA,LEU,TYR,SER,ALA,GLN,ILE,ARG,ALA,H,H
2OOJ,THR,MET,MET,GLY,SER,LEU,PRO,GLU,MET,LEU,THR,P,H
4G01,ASN,TYR,THR,ALA,ALA,LEU,TRP,MET,LEU,TYR,ASP,P,H
3T38,GLU,LEU,GLN,ALA,GLU,THR,ASN,ALA,LEU,ALA,GLY,C,H
3BWL,VAL,ARG,GLU,LYS,ARG,LEU,ARG,LYS,GLU,ARG,SER,H,C
4XL1,ASP,SER,CYS,SER,SER,THR,TYR,GLY,ARG,LEU,TRP,C,P
2G38,ILE,MET,LEU,VAL,LEU,LEU,LEU,PHE,GLU,TRP,CYS,H,H
4G01,ALA,THR,ALA,LEU,ALA,TYR,ASP,GLY,TRP,LYS,TYR,H,P
3M5K,ARG,PRO,ILE,ASP,GLU,PRO,TYR,MET,TYR,ARG,ARG,C,P
1EJA,CYS,LYS,CYS,HIS,VAL,PHE,LEU,CYS,LYS,ASP,CYS,P,C
2KHM,ALA,PRO,GLY,GLY,GLN,ARG,TYR,GLY,MET,SER,SER,H,P
2E85,MET,GLU,ILE,MET,LEU,ASN,ALA,HIS,PRO,ASP,VAL,H,C
2HEV,ARG,ASP,GLU,LYS,GLY,CYS,HIS,ALA,LEU,THR,CYS,C,C
3R6A,ILE,ASP,SER,LEU,GLU,LYS,LYS,MET,HIS,ILE,LEU,H,C
3ME4,ARG,SER,SER,VAL,THR,CYS,LEU,LYS,SER,SER,LEU,C,P
1QGT,PRO,THR,ALA,LYS,GLU,ASP,LEU,GLY,VAL,LEU,PRO,P,P
2I2R,ALA,MET,TYR,ILE,PHE,MET,TYR,PHE,LEU,ILE,ALA,H,H
2QSQ,TYR,GLU,ILE,PRO,GLY,ALA,GLN,ILE,VAL,LYS,VAL,H,C
3CJX,LYS,ASN,GLY,VAL,ARG,LYS,ASP,PRO,TRP,ASP,ILE,C,P
4WEN,GLY,ILE,THR,GLY,LYS,TRP,LEU,THR,ILE,TYR,GLY,H,H
1XHN,ASN,ARG,GLY,VAL,THR,SER,HIS,ASP,TYR,ALA,THR,P,C
3BPD,ILE,VAL,LEU,VAL,ALA,VAL,GLU,LEU,ASP,TYR,VAL,H,H
3B08,GLY,PRO,TRP,GLU,ARG,THR,PRO,TYR,ALA,GLN,ARG,H,P
2PR6,GLY,PRO,ALA,ASN,PHE,THR,LEU,ASP,LYS,LEU,LYS,H,P
3FK9,HIS,PRO,LEU,MET,GLY,TRP,GLN,ARG,TRP,LYS,GLU,C,P
2IMH,ARG,ARG,ASP,ALA,GLY,THR,GLY,MET,LEU,CYS,LEU,C,C
1H2S,GLY,TYR,THR,VAL,GLY,ALA,GLY,ALA,ALA,ALA,ALA,H,H
2P2C,PHE,LEU,TYR,PHE,ILE,LEU,GLY,ALA,VAL,ALA,ALA,H,H
3LB6,THR,THR,ASN,ILE,TYR,LYS,ILE,GLU,HIS,TYR,LEU,P,P
3QNA,GLY,ALA,ALA,GLY,GLU,HIS,HIS,SER,PHE,ASP,HIS,H,H
3N2L,ARG,PHE,LEU,LEU,VAL,GLU,ASP,THR,GLY,ILE,VAL,C,H
4IOP,SER,GLU,SER,VAL,PHE,ASP,SER,PHE,TYR,SER,PRO,P,C
5JG6,MET,SER,ILE,PRO,ASP,THR,ASN,SER,GLN,TYR,ARG,H,P
1X0G,VAL,HIS,SER,THR,LEU,ARG,VAL,GLN,ALA,GLU,PHE,H,C
2NX4,ARG,LEU,ARG,GLU,ALA,ASP,ALA,ARG,ALA,LEU,ILE,C,H
2RBB,SER,PRO,MET,ASP,GLY,GLU,ALA,PHE,ALA,THR,ALA,P,P
1C28,SER,VAL,LEU,SER,LEU,LEU,VAL,GLY,TYR,SER,LEU,P,H
3O10,PHE,PHE,LEU,ARG,TYR,THR,TRP,LYS,SER,ASN,GLU,H,H
2GUH,SER,LEU,TYR,VAL,MET,ARG,GLY,ALA,MET,MET,VAL,P,H
1Y3B,SER,ASP,LYS,GLN,MET,LYS,VAL,PRO,THR,LEU,LEU,P,C
3NRT,ILE,VAL,ILE,PHE,THR,LEU,ILE,MET,GLY,LYS,LEU,H,H
1WD6,GLY,PRO,GLU,LEU,LYS,SER,ALA,LEU,GLN,GLU,ARG,H,P
5BOZ,ALA,TYR,ASP,VAL,GLN,LYS,TYR,PHE,TRP,MET,LEU,H,H
3O9L,THR,ILE,GLY,LEU,ASN,GLY,TYR,HIS,TYR,LYS,PHE,P,H
2J4E,PRO,PHE,PRO,LEU,TYR,LEU,LEU,LEU,LYS,TRP,GLY,P,H
1NNQ,MET,ALA,PHE,SER,PHE,HIS,LYS,PHE,GLU,VAL,ALA,H,H
1A2Y,PRO,SER,LEU,THR,SER,ASP,ILE,SER,ILE,ALA,ALA,P,P
1R1U,PHE,LEU,LEU,ILE,PHE,GLY,ALA,MET,ALA,ASP,ILE,H,H
2OPI,GLY,ARG,SER,GLY,PRO,PRO,GLU,LEU,TYR,MET,TYR,H,C
3GXU,ARG,ASN,GLY,SER,GLY,ASN,ASP,THR,GLU,GLN,GLY,C,P
2FTL,CYS,ALA,GLY,ILE,GLY,CYS,LYS,ARG,TYR,CYS,VAL,P,H
1M1F,ARG,THR,ILE,GLU,PRO,GLU,VAL,ASN,VAL,MET,GLY,C,P
1QAV,GLU,ASP,SER,LEU,LEU,ILE,ALA,VAL,PHE,LYS,GLY,C,C
3F51,ALA,LEU,ALA,ALA,VAL,LEU,ALA,LEU,ILE,LEU,MET,H,H
1J1E,LEU,HIS,ALA,VAL,ASP,ALA,ARG,LEU,GLN,ASP,GLN,H,C
3DJP,ASN,CYS,THR,ASN,ALA,ASN,CYS,PRO,TYR,SER,CYS,P,P
3IC5,LEU,THR,ALA,VAL,LYS,ASN,THR,PHE,SER,VAL,GLY,H,P
3MA2,CYS,GLU,ALA,HIS,VAL,HIS,HIS,LEU,ALA,PRO,PHE,P,C
2CLY,ASN,LEU,ALA,LEU,LYS,ASN,ILE,THR,THR,LEU,LEU,P,H
1GPQ,VAL,ASN,THR,GLN,ASN,MET,ALA,VAL,ASP,MET,LEU,H,P
2VEE,ALA,VAL,ILE,ALA,TYR,VAL,THR,SER,ALA,LEU,ARG,H,H
3D0F,LYS,PRO,LEU,GLY,SER,THR,ASN,LEU,ALA,ALA,HIS,C,P
2OPD,LEU,GLY,LYS,ARG,SER,VAL,TYR,PHE,MET,VAL,ALA,H,H
4JW2,GLU,LYS,LEU,LYS,ILE,ALA,PRO,ASP,LYS,ARG,ALA,C,C
1ZBX,TRP,LEU,PHE,ALA,GLU,PRO,TYR,ARG,LEU,CYS,ASP,H,H
4UI1,PHE,TYR,ALA,TYR,GLY,ASN,ILE,LEU,VAL,SER,THR,H,H
2HWW,LYS,PRO,HIS,ALA,SER,ASP,LEU,ILE,THR,THR,ASP,C,P
1IC5,SER,ASP,GLY,ASN,GLY,TRP,SER,VAL,ILE,ALA,LEU,P,C
1V8P,LEU,TYR,ILE,LEU,GLY,HIS,ASN,GLU,LEU,LEU,TYR,H,H
2BCM,THR,GLY,SER,THR,GLY,GLY,ALA,THR,THR,ALA,CYS,P,H
1ZT9,MET,SER,PRO,SER,MET,TYR,ALA,GLN,ARG,ALA,ALA,H,P
2JL4,CYS,GLY,ARG,PRO,CYS,TYR,PRO,ALA,SER,ALA,HIS,P,H
3IKK,SER,GLY,ASN,SER,LYS,SER,PRO,GLY,ALA,LEU,GLU,P,H
3GJN,LYS,GLU,ALA,ASP,ALA,THR,ILE,SER,LEU,CYS,THR,C,C
5SV3,THR,THR,PHE,PHE,ARG,HIS,ILE,ALA,PRO,TYR,ALA,P,P
2A9K,PHE,GLY,PHE,ASN,ASN,LYS,VAL,PRO,ILE,ILE,GLN,H,H
4MJS,TRP,ARG,PHE,LYS,THR,ILE,ILE,SER,ARG,ARG,TYR,H,C
1N7F,ARG,LYS,LEU,SER,GLY,LEU,ARG,ALA,PHE,LYS,LYS,C,C
1I3O,TRP,ASP,SER,VAL,ILE,ASP,VAL,ARG,PHE,TYR,THR,H,C
2CN4,GLU,GLN,ALA,ASP,GLY,VAL,HIS,GLY,HIS,THR,GLY,C,P
2FCH,PHE,PHE,LYS,ALA,ALA,GLU,ASN,GLN,THR,LEU,ASP,H,H
3ME4,ARG,PRO,GLU,ALA,PHE,GLY,ASP,VAL,SER,CYS,PHE,C,P
4NQW,ASP,ARG,ALA,ASP,ASP,ALA,ARG,ILE,ALA,ASP,VAL,C,C
3NAU,ARG,ARG,VAL,ASP,LYS,SER,ILE,ALA,PRO,TYR,ILE,C,C
1W4R,ARG,GLN,ALA,LYS,ILE,GLN,TYR,CYS,ALA,VAL,VAL,C,P
1AZ4,VAL,ILE,GLY,ILE,TYR,LEU,VAL,ILE,SER,ILE,VAL,H,H
3D5S,LEU,HIS,GLN,ALA,LEU,VAL,LEU,SER,ASP,ALA,GLN,H,C
3TGN,GLU,VAL,ARG,ILE,LYS,ALA,ASP,PHE,THR,ASP,SER,C,H
3ELV,GLN,THR,ASN,CYS,ASN,VAL,LEU,GLU,GLU,LYS,LEU,P,P
1RV6,CYS,ILE,GLY,THR,ARG,HIS,LYS,TYR,LEU,GLU,MET,P,H
2O74,ASP,ALA,ASP,LEU,GLU,ALA,ASP,LEU,LYS,SER,SER,C,H
2P42,TYR,TYR,GLY,TYR,GLN,GLY,GLY,ILE,VAL,THR,ASN,H,H
3GZR,ALA,PRO,ALA,MET,GLN,ILE,TYR,ASP,ALA,PRO,ARG,H,P
5YOY,GLN,ALA,TYR,ALA,GLY,ILE,GLY,GLY,PHE,TYR,SER,P,H
3I6P,ILE,ILE,LEU,MET,LEU,PHE,PRO,MET,GLU,PRO,ILE,H,H
3VYR,LYS,TYR,PHE,GLU,THR,LYS,GLU,SER,ALA,LYS,LYS,C,H
1ZN7,LYS,GLN,PRO,LEU,GLY,ALA,GLY,ARG,LEU,GLU,LEU,C,P
1WWR,MET,THR,ASP,ALA,MET,PRO,MET,LYS,ALA,LEU,HIS,H,P
2I26,ARG,SER,SER,GLY,ASN,VAL,LYS,PHE,SER,LEU,ARG,C,P
1NF3,ARG,VAL,PRO,GLU,ARG,SER,THR,GLY,LYS,SER,VAL,C,H
1P8C,PHE,ILE,LEU,SER,ARG,LEU,PRO,GLY,ILE,LEU,ASP,H,H
1G3I,ALA,ALA,ILE,ALA,LEU,SER,LYS,ILE,TYR,LEU,ARG,H,H
3B08,ASN,GLU,ALA,ARG,LEU,LEU,GLU,GLY,GLU,ALA,ARG,P,C
2RA3,ALA,ALA,GLY,ILE,CYS,GLY,LYS,ARG,VAL,CYS,TYR,H,H
3ZRX,ASN,GLU,LYS,ARG,ALA,ASN,LEU,GLU,GLY,ASP,VAL,P,C
2Q03,VAL,GLY,PHE,VAL,LEU,GLN,HIS,ILE,PHE,GLY,ARG,H,H
3F4N,ILE,VAL,ALA,ILE,MET,GLY,LEU,ILE,GLY,LEU,PRO,H,H
1TUE,ARG,ILE,GLU,GLN,ILE,ILE,TYR,ASN,TYR,PHE,LYS,C,H
1VEA,SER,GLU,SER,GLN,GLY,GLU,ILE,LYS,TYR,GLY,ARG,P,C
2GO7,ASP,GLN,GLU,ALA,SER,LYS,VAL,VAL,LEU,ASN,ASP,C,P
2QW7,GLN,LYS,TRP,ASN,GLY,PRO,LEU,TYR,LEU,GLN,GLN,P,C
1ICF,ALA,GLY,GLY,SER,CYS,CYS,HIS,GLY,ILE,TYR,LYS,H,H
1X2I,HIS,LYS,GLU,ALA,PHE,HIS,VAL,MET,ALA,ILE,SER,C,C
3PJV,TRP,PRO,ASN,THR,SER,ILE,LEU,MET,ASP,ASP,LEU,H,P
1J4U,VAL,ILE,GLU,GLY,GLU,PRO,ASN,MET,SER,LEU,PHE,H,H
1F8Y,ASN,GLU,LYS,LYS,ALA,GLU,LEU,ASN,PRO,ILE,ASP,P,C
2ADL,VAL,VAL,ILE,VAL,ILE,SER,TYR,MET,SER,LEU,THR,H,H
4PAS,ILE,LYS,HIS,LEU,LEU,GLU,ILE,MET,GLU,ASP,THR,H,C
2RDC,ARG,LEU,ALA,SER,SER,GLU,ARG,ARG,LYS,SER,ARG,C,H
1TKV,VAL,VAL,ILE,ILE,THR,VAL,GLU,LEU,PHE,ILE,ILE,H,H
4U30,HIS,GLY,TYR,CYS,ILE,CYS,ALA,GLY,GLN,LYS,LEU,C,H
3N10,SER,ARG,LEU,GLU,PHE,PRO,GLN,ARG,LEU,SER,LYS,P,C
1OYV,ALA,CYS,CYS,SER,GLY,PRO,ARG,ASN,SER,TYR,GLY,H,P
1PCF,TRP,GLU,LYS,GLU,GLY,ASP,MET,MET,PRO,TYR,PRO,H,C
1WLI,ALA,ALA,THR,MET,LEU,LEU,VAL,ASN,ALA,GLY,VAL,H,H
2ZDC,MET,LEU,ALA,PRO,LYS,ALA,GLU,GLU,GLY,LYS,LEU,H,H
3L34,SER,LEU,ASN,GLY,GLN,ASP,ARG,GLN,ARG,VAL,ASP,P,H
1IQ6,ALA,MET,ALA,HIS,PHE,LEU,GLY,SER,SER,ASP,GLN,H,H
1F5M,LYS,ASP,SER,GLY,LYS,ASN,LEU,ASN,THR,ILE,LYS,C,C
3U1D,ASN,GLU,TYR,ASP,GLY,SER,TYR,ALA,LEU,ARG,ALA,P,C
3UZ0,GLU,LEU,THR,ILE,LEU,VAL,HIS,ASN,ALA,SER,GLY,C,H
3B83,LEU,VAL,LEU,ASP,LEU,THR,THR,PHE,LEU,ILE,LEU,H,H
1G5C,LYS,LYS,VAL,LEU,MET,ILE,ILE,ILE,ASN,CYS,GLU,C,C
4QXA,THR,ASN,LYS,TYR,ASN,ASN,GLY,MET,PRO,HIS,ASN,P,P
2IJC,GLU,ARG,TRP,PHE,PRO,ALA,ALA,GLN,GLU,THR,PRO,C,C
3T30,CYS,ALA,SER,ILE,LEU,VAL,THR,MET,LEU,LEU,ARG,P,H
3SIP,SER,ASP,ILE,ARG,SER,TYR,CYS,ASN,ILE,PRO,GLY,P,C
2W4S,VAL,LEU,VAL,THR,GLU,SER,GLN,TYR,MET,GLN,ILE,H,H
4KFZ,ARG,GLN,PRO,SER,VAL,GLY,GLY,LEU,SER,VAL,LEU,C,P
1JX7,LEU,LEU,LEU,ALA,LEU,ASN,ARG,PHE,ILE,GLN,ILE,H,H
1R7H,LYS,LEU,ASP,SER,ASP,PRO,THR,VAL,ARG,ASP,THR,C,H
3Q9N,ARG,ILE,GLU,PHE,ALA,ASN,GLY,ASP,GLN,ILE,GLN,C,H
3AYH,VAL,ILE,PHE,TYR,CYS,ILE,LEU,VAL,LEU,ALA,LEU,H,H
3BTI,LEU,LYS,ASN,LYS,LEU,LYS,ASN,ASN,GLU,LEU,GLU,H,C
3D9X,ASN,LYS,GLY,VAL,ASP,VAL,ASN,ILE,LEU,ASP,ASN,P,C
3HLN,MET,VAL,THR,SER,ASN,LEU,ALA,ALA,ALA,ASP,ASP,H,H
2W2W,SER,LEU,SER,PHE,CYS,CYS,SER,SER,ALA,GLY,ILE,P,H
3GXU,ALA,ARG,SER,PRO,THR,VAL,ALA,SER,SER,TYR,CYS,H,C
4DGE,ASN,GLY,PRO,MET,LEU,ALA,ARG,PRO,PRO,GLU,GLN,P,H
3R6A,SER,SER,ALA,ILE,LEU,THR,ILE,ARG,TYR,GLN,ILE,P,P
1Z7U,ASP,PHE,GLU,GLU,ARG,GLU,SER,ASN,THR,THR,HIS,C,H
3HCS,GLN,ASP,GLN,ALA,ARG,ASN,PHE,PRO,THR,PHE,VAL,P,C
1G64,GLU,ARG,VAL,LYS,VAL,ARG,ASP,ALA,ASP,ARG,GLN,C,C
3SM1,THR,PRO,VAL,LEU,PHE,THR,ASP,ILE,ALA,GLU,PRO,P,P
3EDM,LYS,VAL,GLY,PHE,GLY,ALA,ILE,GLY,LYS,HIS,ARG,C,H
2RP4,LYS,GLU,ARG,ASN,ARG,ASN,GLN,PRO,VAL,LEU,ALA,C,C
1R8S,ASP,PRO,LEU,LEU,ASN,GLU,LEU,ASP,GLU,VAL,PHE,C,P
2J41,LYS,ASP,LYS,GLU,ASP,MET,LYS,GLY,THR,GLY,PHE,C,C
3FMB,ILE,ILE,LEU,TYR,VAL,ALA,TYR,CYS,ALA,LYS,ILE,H,H
3GXY,VAL,TYR,SER,ASN,HIS,GLU,ILE,ASP,LEU,LYS,GLN,H,H
3UZV,ILE,THR,ASP,GLY,SER,GLY,PRO,SER,LYS,LEU,LYS,H,P
3BNW,GLU,SER,ARG,GLY,ASN,LEU,MET,ILE,GLU,SER,VAL,C,P
4QXA,GLU,LYS,HIS,ASN,GLY,PRO,GLN,ASN,TYR,TYR,GLY,C,C
1WT5,TYR,THR,PHE,SER,SER,ASP,SER,GLY,LYS,SER,GLY,H,P
3D5R,ILE,GLN,HIS,VAL,GLN,ALA,ARG,ASP,LYS,LEU,ALA,H,P
3DI3,LYS,PHE,HIS,LEU,LEU,VAL,TYR,LYS,LEU,ILE,LYS,C,H
1D9G,SER,SER,PHE,GLN,SER,ILE,LEU,PHE,LEU,VAL,ILE,P,P
2ATX,LEU,LEU,ALA,ALA,SER,GLY,PRO,GLY,MET,GLN,VAL,H,H
3CSY,PHE,PRO,ILE,TRP,TYR,PRO,GLY,ALA,PHE,ILE,ALA,H,P
3DOE,SER,ASP,LEU,THR,GLU,ARG,LYS,ALA,GLU,GLU,ASP,P,C
2QD0,HIS,LYS,SER,ALA,ASP,LYS,ILE,LYS,ARG,HIS,GLY,C,C
3M8E,ILE,ALA,TYR,GLY,CYS,PHE,SER,ILE,ILE,LEU,LEU,H,H
2QSQ,VAL,GLN,VAL,ALA,ASN,PRO,GLU,ILE,ILE,TYR,PHE,H,P
3HXJ,PHE,PHE,TYR,ALA,ARG,PHE,LYS,TRP,ASN,ASN,GLU,H,H
3M8F,PHE,GLU,MET,GLN,LYS,MET,ALA,ARG,CYS,PHE,LYS,H,C
1M1F,ALA,ARG,GLU,TRP,LEU,GLU,ARG,MET,GLU,LYS,GLY,H,C
1B9L,ARG,LEU,LEU,SER,GLN,MET,GLU,THR,GLU,VAL,LEU,C,H
1YF9,PRO,MET,ARG,ARG,ASP,GLU,ARG,TYR,LEU,PRO,MET,P,H
1HF2,ALA,PHE,LEU,VAL,PHE,GLY,ALA,PRO,VAL,GLY,ALA,H,H
1C9T,LYS,CYS,CYS,GLY,GLU,SER,LYS,ALA,GLN,ASN,ASP,C,P
3HJ5,TYR,GLY,TYR,GLY,ILE,TYR,ARG,GLN,VAL,ASP,PRO,H,H
3FYF,GLU,ARG,LEU,SER,GLU,THR,LYS,ARG,GLN,GLN,LYS,C,C
3HL6,ILE,GLY,THR,PHE,ILE,LEU,ARG,GLU,ILE,THR,GLU,H,H
1W4R,HIS,TYR,PHE,LEU,MET,THR,PHE,VAL,ARG,GLY,GLN,C,H
1X0G,ASN,SER,ASN,ALA,GLN,PRO,HIS,THR,ASN,CYS,ASP,P,P
1J4V,ALA,TYR,GLY,GLY,GLU,TYR,THR,CYS,ASN,ARG,CYS,H,H
1KXJ,VAL,LEU,TYR,SER,GLU,GLU,ILE,MET,ILE,VAL,TYR,H,H
2O3A,TRP,LYS,ALA,GLY,GLU,ARG,SER,ILE,ASP,LYS,GLY,H,C
3GZR,VAL,GLN,ILE,THR,ASP,ALA,GLN,ALA,ALA,GLY,LEU,H,P
3KDG,TRP,ARG,GLU,ASP,LEU,ARG,ASN,ILE,HIS,ALA,LEU,H,C
3OGI,PHE,ILE,ALA,VAL,LEU,PHE,ASN,MET,VAL,ALA,ASN,H,H
1JFM,HIS,LYS,LEU,ASP,THR,HIS,GLU,THR,ASP,PRO,PRO,C,C
3ECY,PHE,ASP,SER,ARG,VAL,ALA,ASP,ASN,HIS,PHE,GLY,H,C
3FYF,VAL,THR,VAL,THR,SER,PHE,ASN,ASN,SER,GLY,VAL,H,P
3KMT,ALA,LEU,ALA,GLY,ILE,MET,CYS,LEU,CYS,ALA,PHE,H,H
2PF4,LEU,TRP,CYS,LEU,GLU,TYR,PRO,CYS,GLN,LEU,VAL,H,H
1F5M,ILE,PHE,LEU,LEU,LEU,LYS,TYR,GLU,LEU,GLU,GLU,H,H
1NF3,ASN,ARG,GLU,THR,GLY,ASP,LEU,ILE,ILE,ILE,HIS,P,C
1M1F,VAL,ALA,ALA,ARG,PRO,VAL,PHE,ASN,GLU,MET,ARG,H,H
3MAL,LEU,GLY,ILE,ALA,LEU,GLN,LYS,VAL,MET,ILE,GLY,H,H
3ZQP,GLU,LEU,LEU,LYS,ALA,LYS,VAL,GLU,ALA,LEU,LEU,C,H
2JV7,VAL,TYR,VAL,LEU,ALA,PHE,SER,ALA,GLN,VAL,ASN,H,H
2F5G,ASN,THR,ALA,ALA,TYR,GLY,VAL,CYS,PRO,ASN,HIS,P,P
4WNN,LYS,LYS,ALA,ASN,TYR,LYS,ALA,SER,GLU,LEU,SER,C,C
1KRL,THR,ASN,ARG,LYS,ASP,GLY,GLY,VAL,LEU,GLU,ILE,P,P
1RJC,GLY,ASN,SER,ASP,THR,ASP,THR,GLY,GLN,ASN,ARG,H,P
2OFX,VAL,VAL,ILE,LEU,LEU,LEU,PHE,ILE,GLU,ARG,GLY,H,H
2IAZ,LYS,GLN,ALA,PRO,ALA,GLU,ASP,MET,SER,MET,PHE,C,P
3EVY,ASN,TYR,ARG,LEU,LEU,VAL,MET,ARG,GLN,ASP,SER,P,H
1Z5Y,PHE,PRO,GLY,ALA,GLY,THR,ALA,GLU,CYS,ASP,HIS,H,P
2OU5,LEU,ILE,VAL,ALA,PHE,ALA,HIS,ILE,THR,PRO,ALA,H,H
2CH8,THR,LYS,SER,TRP,PRO,ASP,VAL,PRO,LEU,LEU,ARG,P,C
1G64,ILE,ASN,GLN,THR,ALA,GLU,ASP,GLU,THR,GLY,ARG,H,P
3BPJ,ASP,SER,VAL,GLN,THR,CYS,GLU,LYS,LYS,LEU,SER,C,P
3DJP,CYS,CYS,CYS,MET,ARG,LYS,LEU,THR,MET,PHE,TYR,P,P
2ARK,GLU,ARG,PRO,THR,THR,ASN,ASN,THR,ASP,SER,SER,C,C
3GMW,SER,TYR,ASP,ALA,LEU,PHE,TYR,GLY,TYR,GLU,PRO,P,H
1LQS,GLU,THR,ALA,GLN,ARG,ASP,ASP,THR,GLU,LEU,VAL,C,P
2IUO,LEU,ILE,PHE,ALA,MET,VAL,LEU,VAL,THR,LEU,ASP,H,H
2R97,ARG,SER,GLY,ARG,MET,ASN,GLN,ARG,PHE,THR,PRO,C,P
1T3W,ALA,LYS,LYS,GLU,GLN,ALA,LEU,THR,ASP,TRP,ASN,H,C
3KK4,ALA,GLN,GLN,ARG,ALA,ARG,SER,VAL,TRP,ARG,ASP,H,P
3ONA,PRO,THR,ILE,GLN,PHE,LEU,ARG,PRO,THR,ARG,LEU,P,P
3GFK,ASN,GLN,LEU,GLU,THR,GLU,ASN,ALA,LYS,THR,ASN,P,P
2C57,ALA,ASN,PRO,LEU,ALA,MET,ASN,ARG,GLY,ARG,ASN,H,P
3GWN,PHE,GLY,ASN,TRP,LEU,PHE,GLY,ALA,TRP,LEU,PHE,H,H
2QKP,VAL,VAL,THR,PHE,VAL,GLU,CYS,TYR,VAL,HIS,VAL,H,H
3HS2,THR,ARG,ARG,GLY,PHE,THR,ASN,ALA,ASN,ILE,ILE,P,C
3EW2,SER,ASN,GLY,ASN,VAL,THR,ASN,GLU,TYR,GLN,GLN,P,P
3PJS,GLY,VAL,VAL,VAL,GLY,VAL,ALA,ALA,VAL,VAL,LEU,H,H
1XUV,ILE,LEU,VAL,THR,ILE,THR,VAL,HIS,ASP,HIS,PHE,H,H
3K74,TRP,LYS,MET,TRP,ALA,TYR,TYR,THR,LYS,ILE,GLU,H,C
3NBS,MET,MET,THR,CYS,PHE,ILE,LYS,GLY,ALA,THR,THR,H,H
1VR7,ASP,HIS,ASP,ARG,VAL,HIS,THR,PHE,HIS,ILE,ALA,C,C
1YC0,SER,GLY,GLY,SER,CYS,PHE,GLY,ARG,VAL,CYS,VAL,P,H
3NYM,LEU,PHE,LEU,ILE,PHE,LEU,SER,ILE,ASP,SER,LYS,H,H
2F5G,TYR,TYR,CYS,PRO,THR,PRO,ALA,ASN,VAL,CYS,ALA,H,H
3EMO,TRP,ASN,GLY,SER,GLY,SER,SER,GLN,GLY,LEU,ASN,H,P
3M8J,GLY,LEU,TYR,ASP,LYS,ASP,ILE,PHE,LYS,ARG,SER,H,H
1JPY,LEU,VAL,PRO,THR,VAL,LEU,TYR,VAL,ARG,VAL,VAL,H,H
1GYY,ILE,ILE,ILE,LEU,VAL,ILE,HIS,PRO,ILE,SER,ILE,H,H
3E1V,PHE,LEU,MET,ARG,ILE,LYS,LEU,LEU,SER,GLN,ILE,H,H
5D5M,PHE,SER,SER,ASP,TYR,LYS,PHE,SER,GLY,TRP,SER,H,P
2ZYZ,VAL,PHE,GLY,TRP,GLY,ILE,LEU,LEU,ALA,THR,GLY,H,H
1Y34,SER,LEU,ASN,ARG,ASP,ASP,ILE,GLY,VAL,SER,ALA,P,H
3PJN,GLY,PRO,GLY,ASP,TRP,TRP,GLN,ALA,PRO,LEU,TYR,H,P
2B9Z,VAL,LEU,ALA,VAL,LEU,ILE,CYS,ALA,ALA,LYS,VAL,H,H
1UGH,HIS,ILE,GLU,MET,SER,VAL,LEU,THR,LEU,MET,VAL,C,H
3OX6,ARG,ARG,GLU,PHE,ILE,PHE,PRO,VAL,ARG,GLU,GLU,C,C
2J41,TYR,LYS,GLU,GLU,ALA,TYR,LEU,ARG,ASP,LEU,LEU,H,C
3EMO,VAL,VAL,VAL,GLY,LEU,GLU,ASN,GLY,LYS,LYS,VAL,H,H
3UYP,GLU,SER,PHE,ILE,LYS,GLU,LEU,ASP,LYS,TYR,LEU,C,P
2PEB,GLY,ASN,GLY,PRO,PHE,GLU,LEU,ILE,HIS,PRO,ALA,H,P
3IT4,ASP,LEU,ALA,GLY,PRO,ILE,ILE,THR,ASP,VAL,LEU,C,H
3P95,PHE,LYS,ARG,ASP,SER,PHE,ASN,TYR,ILE,ILE,ALA,H,C
2R8E,ALA,GLU,ASP,LEU,LYS,SER,ALA,ALA,LEU,PHE,ILE,H,C
3IC5,PHE,ALA,ILE,ILE,HIS,ASP,PHE,TRP,ALA,LEU,TYR,H,H
3CG0,GLY,ARG,ASP,GLU,HIS,MET,THR,SER,ALA,HIS,ILE,H,C
1CBW,THR,LYS,ARG,ASN,PHE,SER,ASP,TYR,ILE,ALA,TYR,P,C
3HIM,GLU,ALA,GLY,ASP,ALA,THR,ALA,ALA,ALA,PHE,PRO,C,H
1ZCP,CYS,CYS,ALA,ILE,PRO,ALA,CYS,TRP,GLY,GLY,ALA,P,P
3FP6,SER,ALA,GLY,ILE,GLY,CYS,LYS,ARG,CYS,VAL,TYR,P,H
1TIJ,GLY,ALA,ASP,SER,ALA,VAL,LYS,GLU,VAL,MET,ARG,H,H
3S7R,GLY,GLY,SER,GLU,THR,PHE,ASP,LYS,VAL,LYS,ALA,H,H
2F5G,GLU,PRO,GLN,PHE,LEU,LEU,LYS,LYS,ILE,ASN,LEU,C,P
1D9G,GLN,LYS,GLN,MET,GLU,ASP,LYS,ASP,GLN,ASN,PHE,P,C
2JJ7,ILE,GLU,ARG,SER,MET,GLU,GLN,LEU,TYR,ALA,THR,H,C
2GXF,LEU,VAL,PRO,GLN,ASP,ILE,THR,HIS,GLN,HIS,THR,H,H
4Y5X,THR,SER,LEU,HIS,ASN,VAL,GLN,VAL,LEU,CYS,GLU,P,P
1JKG,GLU,MET,ALA,PRO,PHE,ALA,ALA,PRO,GLN,ASP,LYS,C,H
2OKF,ASP,THR,ASP,ALA,ILE,GLN,GLU,ARG,ASP,LEU,LYS,C,P
3DUK,LEU,LYS,LEU,PHE,TRP,TYR,PHE,ALA,PHE,VAL,ALA,H,C
2Y21,GLU,ASN,GLN,LYS,HIS,ARG,ALA,VAL,GLU,PRO,GLU,C,P
3LO3,ALA,ASN,SER,THR,ALA,PRO,SER,PHE,GLU,TYR,ASP,H,P
3FXT,ILE,SER,ILE,ILE,SER,ARG,ALA,LEU,LEU,PHE,PRO,H,P
2I15,PHE,ARG,ASP,GLN,GLN,VAL,GLY,VAL,GLY,TYR,TYR,H,C
3GSD,GLN,ALA,ALA,LEU,GLN,ASN,GLY,GLN,LEU,VAL,LEU,P,H
1Y7R,GLU,LEU,GLY,ALA,VAL,LYS,SER,LYS,ILE,TYR,GLY,C,H
2OKI,ILE,ILE,VAL,VAL,GLU,VAL,ALA,GLY,GLY,LEU,PHE,H,H
3HTA,ARG,VAL,VAL,LEU,LEU,ALA,LEU,ALA,PHE,GLY,HIS,C,H
2F2T,PRO,CYS,ASP,GLY,ALA,PRO,THR,PHE,GLU,PHE,ARG,P,P
4F48,SER,VAL,GLN,VAL,LEU,GLY,TRP,LYS,LYS,PHE,MET,P,H
2RA3,GLN,GLY,ALA,THR,GLY,CYS,VAL,LYS,GLY,PRO,ILE,P,H
1Z8K,GLU,SER,SER,TYR,VAL,ALA,TYR,HIS,GLY,THR,ILE,C,P
1NWW,TYR,ILE,ARG,LEU,SER,PHE,ASP,ASP,VAL,LEU,LEU,H,H
2OT3,VAL,CYS,LEU,ARG,MET,GLU,ILE,GLU,ASN,ASN,GLY,H,P
1KZC,LEU,CYS,CYS,SER,MET,LEU,SER,LEU,PHE,VAL,GLY,H,P
3I6P,LEU,PHE,VAL,MET,ILE,LEU,LEU,PRO,LYS,THR,MET,H,H
3D9R,VAL,GLN,SER,ILE,ARG,ALA,GLU,LEU,CYS,ALA,THR,H,P
2I7R,ASP,THR,THR,VAL,SER,TRP,ASP,THR,GLY,ASP,MET,C,P
3GOR,PHE,PRO,ASP,LEU,SER,ASP,GLY,ALA,ILE,LEU,GLN,H,P
2P44,ASN,THR,GLY,TYR,ARG,ARG,GLY,TYR,GLY,ASP,PHE,P,P
3PH0,THR,ASN,GLY,THR,HIS,SER,MET,GLN,HIS,SER,HIS,P,P
2Q73,PHE,LYS,GLU,ASN,VAL,VAL,LEU,GLU,LYS,HIS,LYS,H,C
2WQ4,SER,VAL,LEU,ALA,ILE,GLN,THR,THR,ALA,ALA,PHE,P,H
1NW2,LYS,ALA,THR,ALA,VAL,GLU,GLU,VAL,ALA,MET,THR,C,H
4PJ2,VAL,TYR,SER,ASN,CYS,ALA,SER,ARG,GLY,PHE,VAL,H,H
3D0W,LEU,LYS,TRP,ALA,ALA,GLU,GLY,SER,ASP,ALA,HIS,H,C
2CH8,HIS,LYS,SER,TRP,PRO,ASP,VAL,PRO,LEU,LEU,ARG,C,C
1VGL,PRO,ASP,GLY,ASP,GLU,LEU,LEU,ALA,ASN,LEU,VAL,P,C
2ABM,LEU,PHE,LEU,GLY,GLY,PHE,TRP,ILE,SER,LEU,LEU,H,H
2A6S,LEU,TRP,TRP,LEU,ILE,ILE,SER,TYR,ILE,GLU,LEU,H,H
3DDT,SER,SER,ILE,ASN,VAL,GLU,MET,LYS,VAL,PRO,PHE,P,P
1F2U,LEU,THR,LEU,PRO,LEU,PHE,ARG,ARG,PHE,GLY,SER,H,P
3IBM,ASP,ARG,GLU,SER,ARG,ARG,HIS,ASP,VAL,ARG,ASP,C,C
2EV5,PHE,PHE,ILE,LEU,ILE,LEU,ILE,SER,VAL,LEU,PHE,H,H
1B2U,ARG,ASP,CYS,ALA,GLY,ALA,THR,TRP,TYR,TRP,GLY,C,C
3Q0V,LEU,ILE,LEU,LEU,MET,THR,HIS,THR,SER,THR,VAL,H,H
2Q1E,GLN,TYR,THR,ASP,GLU,LEU,ILE,ILE,TYR,THR,LEU,P,H
2CH8,SER,SER,THR,LEU,THR,VAL,ASN,HIS,SER,GLY,THR,P,P
1NF3,LYS,LEU,PHE,MET,GLY,SER,PRO,ILE,LYS,ALA,THR,C,H
2P44,TYR,TYR,GLY,TYR,GLN,GLY,GLY,VAL,ILE,THR,ASN,H,H
2Z5C,TYR,SER,ILE,THR,LEU,MET,LEU,GLN,SER,ARG,ASP,H,P
1A2W,SER,LYS,THR,CYS,ASN,PRO,SER,ASN,GLN,ASN,ALA,P,C
2A72,ASP,LYS,GLU,SER,ASP,LYS,ASN,ASP,THR,HIS,TYR,C,C
4KV5,PRO,TYR,SER,GLU,LEU,ALA,TRP,SER,CYS,ASP,ASN,P,H
1M2B,VAL,HIS,PHE,VAL,THR,PHE,TYR,ILE,PRO,THR,THR,H,C
3NRV,GLU,ALA,ASP,GLU,GLU,GLU,GLN,LYS,ILE,PHE,LEU,C,H
3JZA,ALA,ASN,ALA,SER,LEU,ALA,SER,TRP,SER,SER,LYS,H,P
1AY7,LEU,GLN,GLN,GLN,GLU,GLU,SER,ARG,LEU,GLN,SER,H,P
1J4V,GLN,ASN,TYR,THR,SER,ALA,SER,THR,CYS,THR,TYR,P,P
3DAL,PRO,GLU,LYS,ALA,GLU,GLU,CYS,TRP,TYR,THR,ASN,P,C
3MJK,ARG,GLU,ARG,HIS,TYR,HIS,ARG,VAL,VAL,LEU,PRO,C,C
3KW0,VAL,VAL,SER,ASN,ASN,LEU,MET,ILE,LEU,LYS,GLY,H,H
3LVY,VAL,HIS,GLN,CYS,TYR,GLY,GLU,LEU,PHE,GLY,ASN,H,C
1YVI,THR,GLN,ILE,GLN,GLU,GLN,GLY,SER,ARG,ALA,LEU,P,P
1K2E,LYS,LYS,VAL,GLU,HIS,LYS,GLY,ARG,ASN,ILE,GLY,C,C
2FEW,ALA,ARG,GLN,HIS,SER,LYS,ILE,SER,ASP,VAL,GLN,H,C
2E2D,HIS,GLU,GLY,THR,ASP,ASN,HIS,LYS,LYS,VAL,GLN,C,C
3F74,GLU,GLU,PHE,PRO,TYR,SER,LYS,LYS,GLU,ALA,VAL,C,C
2IEP,SER,LYS,THR,CYS,ASN,ILE,ILE,GLU,CYS,CYS,THR,P,C
2C9T,PRO,PRO,LEU,ASP,THR,GLY,ASP,ASP,PHE,PRO,THR,P,P
2D00,GLU,TYR,LEU,GLY,GLU,ALA,GLU,GLY,ASP,LYS,GLN,C,H
2IO5,TYR,ALA,ASP,LEU,ASP,ILE,THR,CYS,ARG,LEU,LEU,H,H
4KRL,LEU,TYR,ASP,GLN,VAL,TRP,TYR,TYR,ALA,ARG,LYS,H,H
2O8G,ASP,ASN,LEU,LYS,ILE,GLY,LYS,LYS,GLN,SER,TRP,C,P
3PRP,GLU,ARG,GLN,VAL,GLN,LEU,ARG,ILE,LEU,LEU,LEU,C,C
1KM1,ARG,LEU,ARG,GLY,ILE,ALA,LEU,PRO,SER,ASP,ILE,C,H
2YC1,PRO,LYS,GLY,GLY,LYS,ALA,TYR,LEU,TYR,GLY,HIS,P,C
2Z58,CYS,ASN,THR,PRO,ALA,VAL,ASN,ILE,ASP,ALA,GLY,P,P
3JVC,ASN,TYR,TYR,TYR,LEU,GLY,LYS,ASN,SER,PHE,TYR,P,H
1ZPS,GLU,TRP,SER,LYS,MET,ARG,ALA,ALA,GLU,GLY,HIS,C,H
3CQ9,MET,LEU,TRP,LEU,LEU,ASP,MET,PRO,ALA,LEU,VAL,H,H
2JJT,PRO,GLU,GLY,GLU,THR,THR,GLU,GLU,LEU,LYS,ARG,P,C
2HXX,LEU,ARG,ILE,GLN,LYS,LEU,LEU,GLU,ALA,GLU,LEU,H,C
1OR6,GLN,GLN,ASN,MET,LEU,PHE,LEU,GLN,GLN,THR,GLY,P,P
2ZET,LYS,ARG,TYR,PHE,GLU,ASP,GLU,LEU,SER,PHE,TYR,C,C
3G3B,TRP,ARG,SER,TRP,ASP,GLY,ARG,ASN,PRO,THR,SER,H,C
2DX5,VAL,HIS,THR,LYS,ILE,LEU,ALA,VAL,GLY,GLY,THR,H,C
2ZNV,TYR,LEU,ILE,LEU,VAL,THR,GLN,LEU,THR,LEU,ARG,H,H
3F8X,GLY,MET,VAL,MET,VAL,GLY,SER,PRO,LEU,VAL,VAL,H,H
2OD6,PHE,VAL,THR,VAL,ASN,PHE,THR,SER,VAL,ARG,SER,H,H
3OT4,ALA,VAL,ALA,ASP,TYR,ARG,SER,SER,MET,LYS,PRO,H,H
2DD5,LEU,TYR,ALA,THR,GLU,ARG,PHE,ALA,PHE,ASP,TYR,H,H
3C9G,GLU,THR,ASP,GLU,LYS,PRO,LEU,ASP,GLY,ARG,ARG,C,P
4I0C,CYS,THR,VAL,THR,SER,SER,GLN,ALA,GLY,VAL,PRO,P,P
1J3L,LEU,PRO,THR,ALA,LYS,ARG,ASP,THR,ALA,ALA,THR,H,P
3DN7,ASN,ILE,CYS,GLU,ALA,TRP,PHE,ASN,GLU,GLY,TRP,P,H
2NX4,LEU,LEU,ALA,GLU,ARG,GLU,ARG,ALA,LEU,LEU,ILE,H,H
2RU4,ALA,ILE,GLN,GLY,SER,ASN,ILE,GLY,ASN,GLY,GLN,H,H
1IS8,ALA,ALA,ILE,LEU,VAL,ILE,LEU,LEU,GLU,ILE,GLN,H,H
3S7R,TRP,ALA,GLU,LYS,LYS,GLU,PHE,PHE,ASP,ALA,LYS,H,H
3L0R,ALA,GLN,TYR,SER,VAL,GLU,THR,ARG,ALA,ILE,SER,H,P
2ZCN,PHE,LEU,PHE,TYR,LEU,LEU,ILE,GLU,ILE,LEU,PHE,H,H
2QQD,SER,TRP,TYR,PRO,VAL,ALA,PRO,THR,LEU,PRO,LEU,P,H
1TM5,LYS,PRO,ALA,LEU,ALA,LYS,ASP,GLN,GLN,ASP,MET,C,P
1QYN,CYS,ARG,MET,SER,SER,GLY,PHE,CYS,THR,ILE,THR,P,C
2GUH,GLY,GLY,THR,VAL,MET,SER,LEU,MET,TYR,LEU,MET,H,H
2B2K,ALA,ALA,THR,LYS,LEU,ARG,ASN,THR,LEU,LYS,THR,H,H
3HCU,LYS,LYS,ASP,VAL,TRP,LYS,ASP,VAL,HIS,ILE,GLY,C,C
1K0Z,LYS,SER,ASP,GLY,LYS,TYR,ARG,HIS,LYS,LYS,ILE,C,P
3GBN,MET,TYR,ALA,LEU,SER,PRO,PHE,VAL,THR,VAL,ALA,H,H
3GYD,ALA,HIS,GLN,HIS,CYS,ALA,MET,HIS,SER,ALA,TYR,H,C
4WEM,ARG,ASP,VAL,ILE,ASN,ARG,ASN,GLU,HIS,GLY,ALA,C,C
1EC5,ALA,ASP,ARG,TYR,GLU,LEU,LYS,LEU,LEU,LEU,ILE,H,C
1LQW,SER,THR,SER,ILE,ARG,VAL,LEU,GLN,SER,LYS,HIS,P,P
2PQQ,ASP,VAL,SER,PHE,LEU,ASP,ASP,MET,ALA,GLY,SER,C,H
3GXY,THR,TYR,GLY,GLY,THR,GLU,TYR,ARG,CYS,ASN,THR,P,H
3A3O,TYR,ILE,VAL,GLU,ASP,PHE,SER,ALA,HIS,ILE,VAL,H,H
2MWS,PHE,LEU,LEU,ILE,ILE,ASP,ALA,ALA,ASP,LEU,LEU,H,H
3P0C,GLU,ARG,VAL,LEU,SER,SER,SER,ARG,ASN,GLU,THR,C,C
1AVO,SER,LYS,ALA,TYR,ASP,LEU,THR,GLN,LYS,GLU,VAL,P,C
3DDT,GLU,ASN,ILE,SER,LYS,LEU,GLU,HIS,PRO,ILE,GLN,C,P
2WB1,ILE,LYS,GLU,LEU,ARG,ILE,GLY,ARG,LEU,TRP,LEU,H,C
5JG6,LEU,LEU,LEU,LEU,PHE,ALA,LYS,THR,ALA,SER,PRO,H,H
2X3Y,ILE,VAL,MET,HIS,MET,LEU,ILE,LEU,GLU,ALA,GLY,H,H
3FL1,ASN,SER,PRO,SER,ASN,THR,SER,SER,ALA,SER,SER,P,P
3CIT,LYS,PRO,LEU,GLY,THR,ALA,ALA,LEU,LEU,PRO,GLN,C,P
2HDP,ARG,GLN,GLY,MET,ILE,LYS,PRO,VAL,HIS,ASN,ILE,C,P
2ZV3,GLY,ILE,GLY,VAL,GLY,LYS,TRP,ILE,VAL,ILE,VAL,H,H
3LP6,LYS,ASP,SER,SER,VAL,MET,TRP,ASP,PRO,GLY,SER,C,C
2GR8,ASP,LEU,ILE,VAL,ALA,SER,GLY,GLY,SER,GLY,ALA,C,H
1KM1,ARG,SER,GLY,PRO,ILE,GLU,GLY,ILE,ILE,LEU,ASP,C,P
3I2B,GLY,ALA,SER,SER,GLY,HIS,PHE,ASN,ASN,HIS,HIS,H,H
2CO6,VAL,PHE,SER,LEU,ILE,LEU,VAL,LYS,GLN,PRO,THR,H,H
3E1Z,THR,HIS,CYS,ASP,ALA,ALA,TRP,GLN,VAL,ALA,VAL,P,C
2QIE,ASN,TYR,VAL,ASN,ARG,ALA,ARG,GLU,LYS,VAL,VAL,P,H
3O7X,PHE,SER,ASP,MET,GLY,THR,LYS,PHE,GLY,GLU,TYR,H,P
1FY8,SER,ALA,GLY,GLY,CYS,ILE,LYS,ARG,CYS,TYR,VAL,P,H
3FK9,ILE,ILE,PHE,PHE,SER,LEU,LEU,ILE,MET,ARG,MET,H,H
2F6L,SER,SER,SER,ASP,LEU,LYS,PHE,TYR,LEU,TRP,ALA,P,P
2XIU,ASN,LYS,ASN,GLU,LYS,LYS,ASN,GLN,ASN,GLN,TYR,P,C
1IHR,ILE,ILE,ASN,PHE,GLY,PHE,LYS,ILE,GLY,LEU,VAL,H,H
1MD0,PHE,ILE,LEU,LEU,TYR,VAL,PRO,ALA,TYR,GLY,ALA,H,H
3O7X,VAL,GLU,LEU,PRO,SER,LYS,GLU,PHE,GLN,VAL,ILE,H,C
3SCH,THR,ILE,ALA,GLY,GLY,LEU,SER,LEU,THR,THR,PHE,P,H
1O63,TYR,ALA,LEU,LEU,ALA,LEU,SER,GLU,GLY,ILE,VAL,H,H
2AOB,THR,THR,SER,TYR,SER,HIS,VAL,PHE,VAL,SER,GLN,P,P
1L4D,GLN,SER,ALA,ASP,ALA,PHE,ARG,THR,THR,HIS,ASP,P,P
2IZ5,LYS,HIS,MET,GLY,LEU,ALA,SER,LYS,ILE,GLU,GLY,C,C
1IGU,VAL,LEU,ALA,VAL,LEU,LEU,ILE,VAL,LEU,VAL,ALA,H,H
3N84,LYS,HIS,PHE,ARG,GLN,SER,ARG,VAL,LYS,GLU,ASP,C,C
1X0G,SER,ASN,ALA,HIS,SER,PRO,PHE,TYR,ASN,ASP,LEU,P,P
3EMO,ALA,SER,VAL,ASP,ASN,ILE,ARG,ILE,GLY,GLY,PRO,H,P
3SCH,LEU,ASP,LYS,ASN,VAL,ALA,LEU,SER,VAL,GLU,ILE,H,C
2IA9,ILE,PHE,LEU,VAL,VAL,THR,GLU,ILE,ASP,THR,HIS,H,H
2F2E,ASN,GLY,PHE,ARG,GLU,GLN,LYS,LYS,HIS,TYR,LEU,P,H
1ZXZ,GLN,HIS,SER,LEU,ALA,GLY,LYS,LYS,PRO,LYS,GLU,P,C
2WPT,GLY,ARG,ILE,ILE,MET,SER,ASP,PRO,ALA,LYS,ASP,H,C
1GUS,SER,SER,SER,ASP,ILE,VAL,THR,LEU,ALA,ILE,GLU,P,P
2YIL,LYS,ARG,TYR,SER,GLU,LYS,THR,ASP,THR,TYR,THR,C,C
2Z69,LEU,LYS,HIS,ASN,SER,LEU,ARG,ALA,ALA,ALA,MET,H,C
2B9Z,ILE,ILE,VAL,ALA,ALA,VAL,LEU,LEU,LYS,PRO,ARG,H,H
4ILW,LYS,GLU,PHE,LEU,THR,LEU,LYS,GLU,THR,TYR,VAL,C,C
3E17,GLN,GLN,ILE,SER,GLY,PHE,THR,ILE,GLU,LEU,LEU,P,P
3IX7,ARG,ARG,PRO,ARG,ALA,GLN,ALA,SER,ASP,ASP,LEU,C,C
1XG2,TYR,PRO,GLY,PRO,ASN,LYS,ARG,PHE,GLU,ILE,ASP,H,P
3GXU,ALA,ASN,GLY,PRO,SER,TRP,LEU,GLN,ILE,LEU,PHE,H,P
2VH5,ARG,PRO,GLN,THR,ASP,TYR,ILE,SER,VAL,GLY,LYS,C,P
2CH8,LEU,VAL,GLY,SER,LEU,TYR,HIS,SER,VAL,THR,THR,H,H
3IMQ,VAL,PRO,ARG,ILE,LEU,PRO,PRO,THR,ASP,HIS,VAL,H,P
2WP3,ALA,THR,LEU,ILE,VAL,ALA,VAL,THR,ILE,ILE,MET,H,P
1QG7,LEU,ILE,LEU,ILE,LEU,LEU,GLN,ASN,LYS,ILE,ALA,H,H
2OX7,LEU,LEU,THR,GLU,ASP,MET,GLU,TYR,SER,GLU,ASP,H,H
1PM3,ILE,VAL,ASP,VAL,ILE,GLU,VAL,VAL,VAL,ILE,LYS,H,H
1RV6,TRP,LEU,PHE,GLY,THR,ASN,LEU,PRO,THR,LYS,PRO,H,H
3K80,LEU,VAL,VAL,VAL,GLU,PHE,VAL,LYS,GLN,ALA,ALA,H,H
3GUY,GLN,LEU,LYS,SER,ARG,GLU,GLU,LEU,VAL,ILE,GLY,P,H
2P48,TYR,GLY,GLY,TYR,GLY,TYR,THR,ILE,TYR,GLN,TYR,H,H
3RPG,LEU,CYS,LYS,THR,HIS,ARG,CYS,PRO,GLU,GLU,LYS,H,P
1RLI,MET,LYS,MET,ASP,GLN,ILE,SER,GLY,ILE,GLY,LEU,H,C
2RH0,THR,GLU,ASN,ARG,LYS,PHE,PRO,ALA,THR,ASP,PHE,P,C
1YKE,ASN,GLU,ASP,GLN,THR,CYS,GLN,ALA,ILE,ASN,LYS,P,C
3TL8,LEU,VAL,LEU,GLY,LEU,MET,GLN,GLY,VAL,ARG,GLN,H,H
2AW2,GLU,CYS,SER,THR,CYS,PRO,LEU,LYS,TYR,PRO,ASP,C,P
3G3B,TYR,TRP,ILE,TRP,ILE,ALA,LEU,SER,ASN,GLY,LYS,H,H
3D72,LEU,ILE,GLY,LEU,MET,ASN,MET,GLN,ASP,ILE,ASP,H,H
3IGM,MET,ARG,PHE,TYR,GLY,SER,SER,PHE,SER,LEU,ALA,H,C
4DT1,GLU,VAL,SER,GLN,LYS,ARG,GLU,PRO,PRO,ASP,TYR,C,H
4ML7,GLN,LYS,THR,LEU,ILE,PRO,GLU,VAL,ILE,ASP,ALA,P,C
3SIP,ASN,SER,ARG,ILE,TYR,PRO,GLN,PRO,ASP,LEU,ARG,P,P
3KW5,LEU,LEU,LEU,GLN,ARG,GLY,ILE,ARG,PRO,VAL,LEU,H,H
1AGQ,LEU,ASP,LYS,SER,SER,VAL,THR,ARG,GLN,GLY,LEU,H,C
1ZR0,SER,ALA,GLY,LEU,LEU,CYS,GLY,ARG,LEU,CYS,GLY,P,H
3F8H,ALA,PHE,SER,ALA,ALA,ALA,GLY,TYR,ARG,THR,THR,H,H
3FJS,THR,VAL,THR,PHE,LEU,LEU,LEU,ALA,VAL,THR,GLU,P,H
2XT2,ARG,HIS,ILE,SER,GLY,TYR,ASN,SER,ASN,PHE,ASP,C,C
2R4I,ALA,VAL,ALA,VAL,THR,ILE,LEU,GLY,VAL,ILE,LYS,H,H
2P46,TYR,TYR,GLY,TYR,ALA,GLN,GLY,VAL,GLY,ILE,TYR,H,H
1VP2,PHE,PHE,MET,PHE,THR,PRO,MET,MET,ARG,LYS,GLU,H,H
1ETE,ALA,LEU,SER,ALA,ASP,GLN,CYS,CYS,GLU,PHE,ARG,H,H
2RJZ,ILE,SER,SER,GLU,GLU,ARG,GLN,LYS,GLU,VAL,MET,H,P
2Z8U,VAL,THR,VAL,VAL,ASN,GLY,VAL,LEU,VAL,ASN,LEU,H,P
2RKK,SER,PRO,GLY,ASP,GLN,TRP,ASP,MET,LYS,GLY,GLU,P,P
4QLP,GLU,GLU,SER,SER,ALA,ASP,ARG,ASP,PRO,VAL,LEU,C,C
1AIH,LEU,ASP,GLU,ALA,ASN,ARG,PHE,THR,GLU,TYR,SER,H,C
3CFI,LEU,ILE,ALA,LEU,LEU,LEU,TYR,ARG,MET,GLY,LYS,H,H
1J3L,GLU,ASP,SER,ASP,LEU,THR,PRO,LEU,GLY,THR,TYR,C,C
3OQP,LEU,SER,ASN,ASP,ASP,ALA,PRO,GLN,LEU,ARG,TYR,H,P
1I1D,THR,GLN,LEU,GLY,PHE,GLY,ASP,TYR,ASP,GLY,LEU,P,P
1N7F,ILE,PHE,GLY,PRO,ASP,LYS,ARG,GLU,PRO,ILE,LEU,H,H
2QSQ,HIS,HIS,TYR,VAL,ILE,ASN,SER,GLU,GLY,GLN,LEU,C,C
1QYN,ILE,PHE,ALA,GLU,MET,GLY,SER,CYS,ILE,ALA,ARG,H,H
4ZQK,TYR,TYR,THR,ASN,ILE,LYS,ILE,GLU,LEU,ASP,GLN,H,H
1F23,LEU,GLN,VAL,THR,GLN,HIS,LEU,HIS,LEU,ILE,LYS,H,P
3STB,SER,ASP,GLY,ILE,GLN,LEU,GLU,ARG,ASN,VAL,LYS,P,C
3NRJ,ASP,THR,ASN,GLY,LEU,PHE,ARG,ASP,GLN,GLY,LYS,C,P
1ZLI,ASN,GLY,LEU,GLN,LYS,GLY,PRO,CYS,SER,ASP,LYS,P,H
1DJS,PRO,LEU,ASN,LYS,GLY,GLU,TYR,TYR,GLN,ALA,SER,P,H
3N10,LEU,ASP,GLU,ASN,ALA,PHE,ARG,THR,PHE,VAL,LYS,H,C
2PEB,LEU,LEU,MET,GLY,ARG,LEU,VAL,TRP,VAL,PRO,LEU,H,H
1AXI,PRO,GLY,SER,THR,ALA,ILE,VAL,HIS,ASN,LEU,MET,P,H
1KRL,LYS,GLU,GLY,GLU,THR,TYR,TRP,LYS,LYS,ILE,ILE,C,C
3UIR,GLU,ALA,PHE,ASN,ASN,PHE,GLY,LEU,TYR,ASP,PRO,C,H
3GXY,TYR,PHE,ARG,LYS,GLN,GLU,VAL,GLN,THR,THR,CYS,H,H
1YC8,GLN,GLN,THR,GLN,GLU,ILE,GLY,SER,CYS,ILE,SER,P,P
2DB7,CYS,LEU,ALA,VAL,ASN,ALA,ARG,LEU,ALA,CYS,PHE,P,H
1W4R,GLY,LEU,GLY,HIS,ARG,LYS,ASP,LYS,THR,GLU,ALA,H,H
3HT2,LEU,ILE,ALA,GLU,VAL,ILE,TYR,LEU,PHE,VAL,LEU,H,H
2MWS,GLU,LEU,LEU,ILE,ILE,ASP,ALA,ALA,ASP,LEU,LEU,C,H
2V5H,GLN,TYR,LEU,ARG,GLN,PRO,LYS,TYR,ARG,SER,GLY,P,H
1U8S,TYR,THR,HIS,GLN,HIS,ASP,ALA,SER,VAL,ARG,ASP,H,P
2Z3F,ARG,PRO,ASN,TRP,SER,ALA,ASN,ILE,VAL,GLU,ARG,C,P
2A4W,PHE,PHE,VAL,ALA,PHE,ASN,ILE,ALA,ARG,LEU,HIS,H,H
1XSQ,ILE,ILE,ALA,ILE,VAL,LEU,ILE,THR,ILE,ALA,THR,H,H
1KRL,THR,LYS,GLU,ASN,ILE,ASP,PHE,GLY,GLU,ARG,ALA,P,C
2O8V,GLN,LYS,LEU,TYR,ALA,GLY,ALA,LEU,ASP,GLY,LEU,P,C
3K1I,ILE,ASN,VAL,MET,ILE,GLY,GLU,LYS,LEU,ASN,SER,H,P
3H11,HIS,PRO,LEU,MET,ASN,PRO,TYR,GLN,PHE,THR,THR,C,P
2A5D,GLY,ASN,ALA,GLN,LEU,GLY,PRO,GLY,PHE,PRO,TYR,H,P
3D6R,GLN,GLN,ASN,ARG,MET,MET,GLY,TRP,ALA,LEU,LYS,P,P
3NJA,ARG,ARG,ILE,GLY,GLY,LEU,VAL,VAL,ASP,ARG,GLN,C,C
2NXM,ASN,PRO,LYS,TRP,LYS,VAL,LYS,MET,GLN,ARG,GLY,P,P
3BPD,VAL,VAL,VAL,ALA,VAL,GLU,GLU,ILE,ARG,SER,GLY,H,H
3L0R,GLY,CYS,CYS,ILE,TYR,GLU,HIS,SER,THR,VAL,ARG,H,P
2YF3,LEU,ALA,ASP,ALA,GLU,ASP,TYR,ASP,GLY,THR,HIS,H,H
2DX5,HIS,VAL,ILE,LEU,ARG,LEU,LEU,HIS,LEU,GLY,THR,C,H
2NV4,LEU,VAL,VAL,PRO,GLU,GLU,PRO,THR,LYS,SER,GLY,H,H
4GN4,ALA,TYR,GLY,ILE,ASP,VAL,GLY,HIS,TYR,LEU,LYS,H,H
3FF8,GLU,PRO,THR,ASP,LYS,GLY,PHE,PRO,GLY,LEU,HIS,C,P
2NYX,ILE,ARG,LEU,SER,LEU,ALA,GLY,VAL,ARG,THR,PRO,H,C
1N0L,THR,ASN,ILE,PHE,THR,ALA,GLY,THR,ASN,THR,PRO,P,P
3FXT,SER,ILE,LEU,SER,ALA,PHE,SER,ALA,PHE,PRO,CYS,P,H
4FFY,THR,ARG,ARG,GLU,ARG,LEU,GLY,GLU,LYS,TRP,PHE,P,C
1YLQ,LEU,LYS,THR,GLU,MET,LYS,GLU,ASP,PHE,LEU,LYS,H,C
3MXN,ASP,LYS,TRP,LEU,GLU,GLN,ASP,PRO,MET,LEU,MET,C,C
2QD0,LYS,LYS,ALA,GLU,THR,ARG,HIS,GLU,GLY,LYS,ASN,C,C
1PB0,TRP,TYR,ALA,THR,SER,HIS,THR,HIS,VAL,ALA,PHE,H,H
1XZ8,ILE,ILE,PRO,MET,VAL,LEU,ARG,LEU,LEU,ARG,ILE,H,H
2OT3,PHE,SER,ASP,ALA,GLN,LEU,ILE,VAL,LYS,LEU,PHE,H,P
3S6L,GLY,ASN,SER,SER,SER,SER,SER,ALA,SER,ALA,ALA,H,P
1R7H,GLU,GLU,ARG,GLY,ASP,TRP,VAL,HIS,LEU,GLN,GLU,C,C
1OQJ,CYS,LYS,ASN,ILE,SER,HIS,HIS,TRP,VAL,PRO,SER,P,C
3H2V,GLU,PRO,LEU,ARG,GLY,GLY,GLY,ASP,ARG,VAL,GLU,C,P
2DUM,TYR,THR,ALA,ILE,ILE,SER,GLN,VAL,ARG,LEU,GLU,H,P
2A9K,GLN,ASN,LYS,LYS,GLU,PHE,PRO,LYS,LYS,LYS,ASP,P,P
2G38,TYR,LEU,LEU,LEU,MET,TRP,TRP,VAL,GLN,LEU,ASP,H,H
2B3D,ASP,ASP,ALA,SER,LYS,VAL,ASN,GLY,TRP,LYS,SER,C,C
2PTT,PRO,GLN,ALA,SER,VAL,ARG,PHE,VAL,PRO,ASP,ILE,P,P
2ZFW,TRP,SER,SER,TYR,TYR,LEU,ARG,LEU,ASN,HIS,LEU,H,P
2D68,GLU,LYS,GLU,LEU,SER,LYS,ASN,ASN,LEU,SER,THR,C,C
3OR3,GLU,ILE,GLU,VAL,GLN,PRO,LYS,ASN,GLN,ASN,ILE,C,H
2DX0,PRO,PHE,THR,ASP,ARG,SER,ARG,SER,GLU,THR,GLU,P,H
1QS4,VAL,GLN,VAL,VAL,PHE,LYS,ILE,LYS,GLU,THR,GLU,H,P
1Q8M,LEU,HIS,LYS,GLU,SER,ASP,THR,PRO,SER,VAL,ASN,H,C
2PQA,GLU,LYS,PRO,PHE,ASP,SER,ILE,LEU,GLN,VAL,PRO,C,C
2NP5,LEU,ASP,LEU,ARG,ALA,GLU,PRO,SER,PRO,GLN,LEU,H,C
2PZH,TYR,TYR,VAL,ARG,VAL,THR,SER,ILE,SER,PRO,GLY,H,H
1ZAE,PRO,TRP,ASP,PRO,TYR,ILE,GLU,ASN,GLN,SER,ASP,P,H
3OJI,LEU,VAL,LEU,GLY,LEU,LYS,GLU,VAL,ILE,THR,ASP,H,H
2L0T,GLU,LYS,GLN,ASP,GLU,PHE,GLU,PRO,HIS,SER,PHE,C,C
2LVO,VAL,THR,ILE,MET,PHE,ILE,VAL,LEU,ASP,GLU,VAL,H,P
1VR7,THR,HIS,THR,SER,PHE,HIS,VAL,VAL,ASP,ARG,ILE,P,C
4C4K,PHE,ILE,VAL,SER,LEU,PRO,ASP,ILE,SER,HIS,ILE,H,H
3GSD,HIS,ASP,PRO,ALA,VAL,SER,GLU,GLU,PRO,TYR,GLN,C,C
3EW2,GLY,TRP,THR,GLY,PHE,TRP,TYR,SER,VAL,ASN,ASP,H,H
2XYR,LYS,GLY,GLY,SER,GLN,LEU,ALA,TYR,PRO,ASP,VAL,C,H
1F2U,LYS,ARG,GLU,LEU,THR,GLU,ASP,ASP,HIS,ARG,PRO,C,C
1VC8,GLY,GLY,ALA,THR,TRP,LEU,ARG,GLY,PRO,PHE,GLY,H,H
2G38,THR,ALA,GLN,THR,ALA,ASP,GLY,ILE,GLN,PHE,LEU,P,H
1S4K,ASP,GLU,ILE,SER,PRO,ARG,ALA,THR,ILE,TRP,ILE,C,C
3QU2,LEU,LEU,PHE,PRO,GLY,LEU,LEU,ASN,ALA,LEU,GLN,H,H
3QRF,PRO,GLU,SER,VAL,ARG,ALA,GLY,VAL,GLU,VAL,TRP,P,C
1O9Y,ARG,THR,GLY,LEU,ARG,LEU,ASP,LEU,HIS,CYS,GLY,C,P
3C4P,PRO,HIS,PHE,TYR,THR,GLU,TYR,ARG,SER,PHE,SER,P,C
2GR8,GLY,ALA,GLY,ALA,ILE,SER,GLN,PRO,GLY,LEU,LEU,H,H
1SWJ,GLU,LYS,ALA,VAL,THR,GLY,THR,GLU,GLY,TYR,GLY,C,C
2C21,THR,THR,VAL,SER,MET,LEU,GLY,ARG,THR,ILE,ILE,P,P
1QG7,LEU,LEU,ALA,ILE,ILE,LEU,LEU,ILE,TYR,GLU,GLN,H,H
3E98,LEU,ALA,LEU,ALA,GLU,VAL,GLY,SER,SER,GLY,VAL,H,H
3FP6,SER,CYS,CYS,PRO,GLY,GLY,LYS,ALA,GLY,TYR,ARG,P,P
2A6Q,LEU,VAL,ALA,LEU,ALA,SER,ARG,LEU,PHE,TYR,ILE,H,H
3TCX,GLU,SER,THR,SER,MET,LEU,GLU,THR,LEU,LEU,HIS,C,P
1LKY,MET,LEU,SER,SER,VAL,ARG,GLU,PHE,PRO,HIS,GLY,H,H
1N0L,GLU,GLU,LYS,HIS,LEU,LYS,ILE,GLU,TRP,TYR,GLY,C,C
2OKF,LEU,MET,ILE,PHE,ILE,VAL,TYR,ILE,LYS,GLN,GLN,H,H
2C35,SER,PHE,SER,PHE,CYS,ILE,PHE,VAL,GLY,THR,SER,P,H
3D1M,TYR,PRO,THR,ILE,GLU,ASN,ASN,GLN,GLY,PRO,PRO,H,P
2D4U,ILE,ASN,HIS,ALA,ASP,ALA,ILE,GLU,TYR,TYR,GLN,H,P
1SGJ,LYS,ARG,TYR,GLY,GLY,SER,ALA,PHE,TYR,GLU,ALA,C,C
1OB8,PHE,PHE,VAL,LEU,THR,PHE,ILE,PHE,ASN,ALA,LEU,H,H
1Y23,ASN,THR,MET,VAL,ASN,LEU,ASN,ALA,LEU,TYR,PHE,P,P
3PIM,SER,THR,ASP,LYS,ILE,SER,LYS,VAL,GLU,GLU,ASP,P,P
1RI8,GLY,ASN,SER,ASP,THR,ASP,GLY,ASN,ASN,ARG,GLN,H,P
3R6A,ALA,SER,ALA,ILE,LEU,THR,ILE,ARG,TYR,GLN,ILE,H,P
2Y3M,GLU,LYS,ILE,ASP,LYS,LYS,GLU,LEU,HIS,LYS,LYS,C,C
5EE5,LEU,GLY,PHE,ILE,GLY,ASN,LEU,ILE,THR,TYR,GLY,H,H
4ZI2,TRP,PHE,HIS,THR,THR,SER,LYS,ASP,TYR,LYS,ILE,H,H
3IIC,MET,ASN,SER,VAL,THR,GLY,ASP,LYS,LEU,LEU,MET,H,P
3HXS,MET,PRO,ALA,ILE,GLU,GLU,MET,LEU,VAL,CYS,LYS,H,P
1BO4,ARG,GLN,ASP,GLU,GLY,ALA,ILE,VAL,HIS,ARG,PHE,C,P
3UYP,THR,ARG,GLU,GLY,ILE,ILE,THR,ILE,PRO,VAL,PRO,P,C
2PZD,GLN,ASN,GLN,THR,GLU,ASP,ALA,GLY,SER,LEU,VAL,P,P
3FPR,LEU,TYR,MET,CYS,PRO,ASP,LEU,THR,ILE,GLY,PRO,H,H
3NJA,LEU,GLN,ALA,SER,ASP,HIS,SER,ALA,ASP,TRP,THR,H,P
1U69,PHE,LEU,CYS,PHE,HIS,ILE,TRP,TYR,PHE,PHE,THR,H,H
1ZVH,GLY,PRO,ILE,ALA,SER,ASN,CYS,ASP,ASN,ASN,ALA,H,P
1M27,ARG,ASP,THR,ASP,GLY,ALA,LEU,GLU,TYR,SER,TRP,C,C
2V5H,ARG,THR,MET,VAL,ASN,ILE,ARG,GLY,GLN,VAL,VAL,C,P
2JLM,PHE,LEU,GLU,ARG,PHE,THR,THR,ASN,LEU,VAL,PHE,H,H
1OR6,HIS,GLN,LEU,TYR,VAL,GLU,ALA,GLU,PRO,LYS,LEU,C,P
1L4I,TYR,GLU,THR,THR,LEU,ARG,THR,PHE,ILE,LYS,GLY,H,C
2DX0,GLN,PHE,GLU,CYS,HIS,GLN,CYS,LEU,GLU,ALA,PHE,P,H
1CBW,LEU,GLY,GLY,ALA,LEU,TYR,ALA,ALA,MET,GLY,CYS,H,H
1OIA,SER,SER,ALA,GLU,PHE,TYR,ILE,LYS,ILE,TYR,ASP,P,P
1GN4,LEU,LEU,ASN,ALA,ASN,LEU,LYS,LYS,ALA,ASN,SER,H,H
1XG2,ASN,ASP,GLY,GLY,ALA,SER,PHE,THR,ALA,GLU,ASN,P,C
2OYY,SER,SER,VAL,ALA,ALA,ILE,VAL,PHE,LEU,ALA,VAL,P,P
1WKQ,ILE,LYS,SER,PHE,LYS,GLU,ASP,TYR,HIS,ALA,ILE,H,C
1RFZ,LEU,LEU,ILE,THR,LEU,VAL,LEU,PHE,GLN,LEU,LEU,H,H
2Q81,ILE,ALA,LEU,SER,LEU,PRO,LYS,VAL,ALA,SER,HIS,H,H
1PBI,THR,LYS,SER,ALA,LYS,SER,CYS,CYS,ALA,TYR,HIS,P,C
1XAO,MET,TYR,PRO,GLY,GLY,GLY,MET,LYS,HIS,SER,ASP,H,H
2P5R,ARG,TYR,ARG,GLN,ASP,THR,TYR,PRO,THR,PHE,ILE,C,H
1FD4,CYS,CYS,CYS,PRO,ILE,LEU,HIS,PRO,THR,ALA,TYR,P,P
3EBN,LEU,ASP,VAL,GLY,GLN,ASP,ILE,VAL,PRO,LEU,SER,H,C
3F1P,TYR,VAL,CYS,GLN,PRO,ARG,THR,THR,VAL,LYS,ASN,H,H
3GXX,HIS,TYR,PHE,VAL,LEU,ASP,LYS,PRO,ILE,PHE,HIS,C,H
3DTJ,THR,PRO,GLU,ASP,PHE,CYS,ARG,GLY,LYS,GLN,VAL,P,P
2PQV,ILE,VAL,PHE,ILE,ILE,GLY,PHE,THR,ASN,VAL,PHE,H,H
2ZB9,ALA,ASP,GLY,VAL,ARG,VAL,GLN,ALA,TYR,GLN,HIS,H,C
5GPG,GLN,PHE,SER,TRP,TYR,GLY,LEU,ARG,MET,TYR,ALA,P,H
3IIC,ILE,SER,GLU,ILE,THR,HIS,LEU,ILE,ALA,ILE,ALA,H,P
3GFU,LEU,LEU,VAL,VAL,TRP,ILE,ILE,LYS,GLY,GLY,LEU,H,H
5EB1,VAL,LYS,ASN,ASP,ASN,THR,ARG,ALA,GLY,PRO,ALA,H,C
1VR7,GLU,TRP,PHE,VAL,GLU,GLU,ASP,ARG,LYS,VAL,THR,C,H
3SGQ,ARG,GLU,ALA,SER,ASN,VAL,TYR,LEU,ASN,PRO,ASN,C,C
4NL9,GLY,VAL,PHE,ALA,ASP,GLU,LEU,GLN,LEU,LEU,GLU,H,H
3OJ2,LYS,GLY,PRO,ALA,LEU,ALA,GLN,ALA,GLN,ASN,SER,C,H
3NR1,ALA,ILE,LEU,ALA,GLY,ASN,ALA,ILE,ALA,ARG,LEU,H,H
2FLH,VAL,VAL,VAL,TYR,THR,ASP,LEU,LYS,GLY,ALA,ILE,H,H
3KDQ,SER,GLU,ILE,ALA,LEU,LEU,ASN,GLU,PRO,VAL,GLU,P,C
2Q81,GLN,GLN,SER,PRO,GLU,GLN,LEU,TYR,ALA,HIS,THR,P,P
2C21,TYR,SER,GLY,ASP,GLU,PHE,THR,VAL,ASN,LYS,MET,H,P
2P47,TYR,GLY,GLY,TYR,GLY,THR,ILE,TYR,GLN,TYR,TYR,H,H
2JGN,LEU,PRO,VAL,GLU,TRP,VAL,SER,VAL,LYS,GLN,TRP,H,P
2IA9,PHE,ASP,GLY,MET,THR,ARG,ASN,ILE,ARG,ASP,ARG,H,C
4GN4,PRO,LYS,SER,ILE,GLU,ALA,ASN,LEU,LEU,VAL,VAL,P,C
3SK2,VAL,GLY,PRO,THR,VAL,PHE,GLY,ASP,ARG,CYS,ASP,H,H
3H2V,CYS,ARG,PRO,LEU,GLU,ARG,GLY,GLY,ASP,GLY,ARG,P,C
3K74,TRP,MET,TYR,LYS,TRP,TRP,ALA,ILE,TRP,ASP,THR,H,H
1OP9,TYR,ALA,CYS,VAL,LYS,CYS,ALA,ASP,LEU,LEU,TYR,H,H
3FUY,PRO,ASP,HIS,TYR,PHE,ARG,ASP,GLY,PRO,ARG,LYS,P,C
2QD0,TYR,LEU,ARG,ILE,TYR,ILE,CYS,PRO,GLY,LYS,VAL,H,H
1S3N,GLU,LYS,GLU,GLU,ASP,THR,LYS,LEU,LYS,ILE,MET,C,C
1Q05,LYS,SER,ILE,ASN,SER,LYS,ALA,ASP,TYR,ARG,THR,C,P
3PJN,TYR,TYR,PRO,GLU,TYR,LEU,PRO,TYR,PHE,PRO,ARG,H,H
2RBB,PHE,PHE,ILE,ASN,LYS,VAL,LEU,LEU,ILE,TYR,PHE,H,H
3KTM,LYS,ARG,THR,THR,GLY,GLY,LEU,LYS,GLY,LYS,CYS,C,C
1U8S,TYR,ASP,PHE,ILE,MET,PRO,ARG,THR,LYS,GLY,GLY,H,C
3D0W,LEU,LEU,LEU,LEU,GLU,GLY,GLU,MET,LEU,LEU,PHE,H,H
2RH0,ALA,ASN,PHE,GLU,PHE,PRO,GLY,PHE,GLN,ARG,LYS,H,P
2EBY,LEU,ILE,LEU,GLU,THR,GLY,GLU,ARG,VAL,THR,GLN,H,H
4EUK,THR,ASP,LYS,LEU,ASN,TYR,GLN,PHE,ARG,ASP,THR,P,C
2H5N,ALA,THR,MET,SER,LEU,THR,TRP,PRO,THR,THR,LEU,H,P
1ZHI,ARG,ASN,ASP,LEU,LYS,ASP,LYS,ASN,TRP,LYS,PHE,C,P
2N1D,VAL,GLU,ALA,ASN,VAL,ALA,ALA,LYS,GLY,TYR,SER,H,C
1TQ8,VAL,LEU,LEU,VAL,VAL,ILE,ASP,TYR,VAL,ILE,VAL,H,H
2HTH,ASP,GLY,ASP,ASN,GLU,TYR,GLU,ILE,LYS,SER,LEU,C,H
2IAZ,GLU,PHE,VAL,VAL,SER,GLU,ALA,ILE,GLU,LEU,PRO,C,H
3PJV,THR,TRP,GLU,GLY,GLN,SER,ARG,ALA,LEU,VAL,ALA,P,H
3O91,LEU,LEU,ASP,HIS,ILE,PHE,HIS,ASN,ILE,VAL,SER,H,H
4M0W,LEU,LYS,ILE,LEU,GLU,ASP,THR,LYS,LYS,GLY,GLU,H,C
2F2T,SER,LYS,VAL,TYR,SER,PHE,GLU,ASN,GLU,LEU,PHE,P,C
